id,first_name,last_name,email,phone,address,date_of_birth,status,gender,job,created_at
1,Ava,Fournier,ava.fournier@hotmail.fr,+33797962975,"176, Rue 85, Montmartre, Paris, France",2001-01-02,True,F,Community Manager,2025-02-13 11:27:15
2,Jacob,Guerin,jacob.guerin@outlook.fr,+33765615682,"735, Rue 90, Champs-Élysées, Paris, France",1999-01-04,True,M,Chef de Projet Digital,2025-02-13 11:27:15
3,Nathan,Bernard,nathan.bernard@yahoo.fr,+33695511423,"44, Rue 84, Gambetta, Bordeaux, France",1998-07-28,True,M,Consultant IT,2025-02-13 11:27:15
4,Zoé,Girard,zoé.girard@outlook.fr,+33656737372,"868, Rue 75, Marais, Paris, France",2002-01-28,True,F,UI Designer,2025-02-13 11:27:15
5,Victoria,Fournier,victoria.fournier@hotmail.fr,+33768408142,"288, Rue 67, Bastide, Bordeaux, France",1997-12-31,True,F,Community Manager,2025-02-13 11:27:15
6,Martin,Andre,martin.andre@gmail.com,+33699379989,"317, Rue 23, Minimes, Toulouse, France",2001-10-30,True,M,Digital Marketing Manager,2025-02-13 11:27:15
7,Aaron,Garcia,aaron.garcia@gmail.com,+33617091928,"818, Rue 71, Champs-Élysées, Paris, France",1999-02-22,True,M,Growth Hacker,2025-02-13 11:27:15
8,Ava,Bernard,ava.bernard@gmail.com,+33638132357,"450, Rue 45, Part-Dieu, Lyon, France",1997-01-08,True,F,UI Designer,2025-02-13 11:27:15
9,Lucas,Legrand,lucas.legrand@gmail.com,+33678433506,"867, Rue 17, Capitole, Toulouse, France",1996-02-22,True,M,Designer UX/UI,2025-02-13 11:27:15
10,Juliette,Muller,juliette.muller@gmail.com,+33656799532,"249, Rue 91, Graslin, Nantes, France",2002-01-31,True,F,Digital Marketing Manager,2025-02-13 11:27:15
11,Inès,Morel,inès.morel@yahoo.fr,+33619375533,"306, Rue 44, Marais, Paris, France",2004-08-30,True,F,DevOps Engineer,2025-02-13 11:27:15
12,Martin,Muller,martin.muller@yahoo.fr,+33774468794,"796, Rue 61, Montmartre, Paris, France",2004-10-13,True,M,Frontend Developer,2025-02-13 11:27:15
13,Sophie,Mathieu,sophie.mathieu@yahoo.fr,+33798383903,"744, Rue 36, Montmartre, Paris, France",2005-01-08,True,F,Full Stack Developer,2025-02-13 11:27:15
14,Léonie,Mercier,léonie.mercier@outlook.fr,+33776494888,"896, Rue 58, Quartier Latin, Paris, France",1998-12-29,True,F,Digital Marketing Manager,2025-02-13 11:27:15
15,Benjamin,David,benjamin.david@gmail.com,+33705853639,"230, Rue 31, Capitole, Toulouse, France",2004-10-12,True,M,Digital Marketing Manager,2025-02-13 11:27:15
16,Juliette,Roussel,juliette.roussel@gmail.com,+33743323258,"195, Rue 27, Le Panier, Marseille, France",1998-07-14,True,F,UI Designer,2025-02-13 11:27:15
17,Charlotte,Martinez,charlotte.martinez@yahoo.fr,+33755686441,"12, Rue 80, Talensac, Nantes, France",1999-06-10,True,F,Full Stack Developer,2025-02-13 11:27:15
18,Sofia,Lefebvre,sofia.lefebvre@hotmail.fr,+33744302310,"975, Rue 71, Talensac, Nantes, France",2005-03-16,True,F,Mobile Developer,2025-02-13 11:27:15
19,Evan,Rousseau,evan.rousseau@gmail.com,+33761940817,"368, Rue 10, Saint-Pierre, Bordeaux, France",2006-11-23,True,M,DevOps Engineer,2025-02-13 11:27:15
20,Emilia,Lefebvre,emilia.lefebvre@outlook.fr,+33791991817,"548, Rue 38, Confluence, Lyon, France",2000-06-30,True,F,Chef de Projet Digital,2025-02-13 11:27:15
21,Victoria,Roux,victoria.roux@gmail.com,+33786280356,"250, Rue 30, Île de Nantes, Nantes, France",2000-08-15,True,F,Startup Founder,2025-02-13 11:27:15
22,Simon,Vincent,simon.vincent@outlook.fr,+33797547528,"569, Rue 78, Champs-Élysées, Paris, France",2005-10-16,True,M,Chef de Projet Digital,2025-02-13 11:27:15
23,Paul,Moreau,paul.moreau@outlook.fr,+33755414315,"387, Rue 8, Carmes, Toulouse, France",1998-10-11,True,M,Frontend Developer,2025-02-13 11:27:15
24,Sophie,Henry,sophie.henry@hotmail.fr,+33784331456,"666, Rue 62, Talensac, Nantes, France",2005-07-04,True,F,Content Manager,2025-02-13 11:27:15
25,Olivia,Perrin,olivia.perrin@yahoo.fr,+33722069916,"606, Rue 52, Minimes, Toulouse, France",2003-09-17,True,F,Startup Founder,2025-02-13 11:27:15
26,Antoine,Francois,antoine.francois@hotmail.fr,+33799944901,"282, Rue 38, Saint-Michel, Bordeaux, France",2001-01-11,True,M,Full Stack Developer,2025-02-13 11:27:15
27,Jade,Morin,jade.morin@hotmail.fr,+33735986062,"504, Rue 23, Gambetta, Bordeaux, France",2003-05-16,True,F,Digital Marketing Manager,2025-02-13 11:27:15
28,Lou,Lefebvre,lou.lefebvre@outlook.fr,+33753557446,"94, Rue 4, Graslin, Nantes, France",2006-01-25,True,F,Content Manager,2025-02-13 11:27:15
29,Léonie,Perrin,léonie.perrin@hotmail.fr,+33695887313,"953, Rue 80, Talensac, Nantes, France",1998-08-01,True,F,Growth Hacker,2025-02-13 11:27:15
30,Sofia,Richard,sofia.richard@yahoo.fr,+33694212764,"688, Rue 64, Bastille, Paris, France",2004-07-09,True,F,Backend Developer,2025-02-13 11:27:15
31,Chloé,Leroy,chloé.leroy@gmail.com,+33764545749,"191, Rue 77, Capitole, Toulouse, France",2004-03-07,True,F,Consultant IT,2025-02-13 11:27:15
32,David,Michel,david.michel@gmail.com,+33791959633,"821, Rue 80, Bouffay, Nantes, France",2000-04-11,True,M,Designer UX/UI,2025-02-13 11:27:15
33,Simon,Dupont,simon.dupont@yahoo.fr,+33768908719,"308, Rue 53, Saint-Pierre, Bordeaux, France",2001-02-08,True,M,Software Engineer,2025-02-13 11:27:15
34,Ethan,Bertrand,ethan.bertrand@gmail.com,+33798026946,"94, Rue 16, Saint-Aubin, Toulouse, France",2005-10-08,True,M,Data Analyst,2025-02-13 11:27:15
35,Anna,Muller,anna.muller@gmail.com,+33708963655,"718, Rue 69, Carmes, Toulouse, France",2005-01-22,True,F,Community Manager,2025-02-13 11:27:15
36,Sacha,David,sacha.david@outlook.fr,+33722936018,"544, Rue 5, Quartier Latin, Paris, France",2002-09-08,True,M,Data Analyst,2025-02-13 11:27:15
37,Daniel,Faure,daniel.faure@hotmail.fr,+33610468957,"233, Rue 95, Part-Dieu, Lyon, France",1997-03-05,True,M,Digital Marketing Manager,2025-02-13 11:27:15
38,Maxime,Roussel,maxime.roussel@gmail.com,+33605121974,"328, Rue 97, Vieux-Port, Marseille, France",1996-10-30,True,M,Consultant IT,2025-02-13 11:27:15
39,Noah,Lambert,noah.lambert@outlook.fr,+33660483576,"960, Rue 32, Saint-Michel, Bordeaux, France",2002-02-27,True,M,Digital Marketing Manager,2025-02-13 11:27:15
40,Luna,Girard,luna.girard@hotmail.fr,+33730057978,"37, Rue 42, Prado, Marseille, France",1996-08-20,True,F,DevOps Engineer,2025-02-13 11:27:15
41,Raphaël,Roux,raphaël.roux@outlook.fr,+33744223255,"291, Rue 57, Marais, Paris, France",1996-07-12,True,M,Data Analyst,2025-02-13 11:27:15
42,Sophie,Robert,sophie.robert@gmail.com,+33632234073,"538, Rue 79, Graslin, Nantes, France",1998-12-20,True,F,Designer UX/UI,2025-02-13 11:27:15
43,Daniel,Martinez,daniel.martinez@hotmail.fr,+33724557148,"999, Rue 84, Talensac, Nantes, France",2000-10-13,True,M,Data Analyst,2025-02-13 11:27:15
44,Julia,Bonnet,julia.bonnet@outlook.fr,+33700203523,"952, Rue 13, Vieux-Port, Marseille, France",2001-02-20,True,F,Community Manager,2025-02-13 11:27:15
45,Eva,Richard,eva.richard@yahoo.fr,+33793175804,"22, Rue 2, Saint-Cyprien, Toulouse, France",2000-08-10,True,F,Product Owner,2025-02-13 11:27:15
46,Léo,Dupont,léo.dupont@yahoo.fr,+33760400164,"11, Rue 45, Bouffay, Nantes, France",1999-03-10,True,M,Content Manager,2025-02-13 11:27:15
47,Lou,Richard,lou.richard@outlook.fr,+33674852954,"74, Rue 95, Montmartre, Paris, France",2002-11-17,True,F,Backend Developer,2025-02-13 11:27:15
48,Gabin,Francois,gabin.francois@hotmail.fr,+33749643607,"511, Rue 4, Saint-Cyprien, Toulouse, France",2001-08-01,True,M,Growth Hacker,2025-02-13 11:27:15
49,Noah,Rousseau,noah.rousseau@yahoo.fr,+33651725747,"986, Rue 37, Castellane, Marseille, France",2002-04-18,True,M,Growth Hacker,2025-02-13 11:27:15
50,Isaac,Morin,isaac.morin@gmail.com,+33743724085,"948, Rue 24, Graslin, Nantes, France",1998-12-28,True,M,Content Manager,2025-02-13 11:27:15
51,Sacha,David,sacha.david@hotmail.fr,+33647263866,"235, Rue 37, Capitole, Toulouse, France",2006-07-29,True,M,Backend Developer,2025-02-13 11:27:15
52,Emilia,Dupont,emilia.dupont@gmail.com,+33779470878,"636, Rue 39, Saint-Cyprien, Toulouse, France",1997-08-29,True,F,Business Developer,2025-02-13 11:27:15
53,Martin,Robert,martin.robert@outlook.fr,+33773708643,"318, Rue 65, Bouffay, Nantes, France",1997-11-23,True,M,Chef de Projet Digital,2025-02-13 11:27:15
54,Zoé,Petit,zoé.petit@gmail.com,+33673246958,"10, Rue 49, Champs-Élysées, Paris, France",1999-06-13,True,F,UI Designer,2025-02-13 11:27:15
55,Léna,Roux,léna.roux@gmail.com,+33723283686,"800, Rue 31, Champs-Élysées, Paris, France",2005-11-06,True,F,Digital Marketing Manager,2025-02-13 11:27:15
56,Tom,Richard,tom.richard@yahoo.fr,+33745667841,"164, Rue 64, Part-Dieu, Lyon, France",2000-05-13,True,M,DevOps Engineer,2025-02-13 11:27:15
57,Sarah,Petit,sarah.petit@hotmail.fr,+33737206618,"463, Rue 35, Graslin, Nantes, France",1997-06-19,True,F,Startup Founder,2025-02-13 11:27:15
58,Amelia,Bertrand,amelia.bertrand@hotmail.fr,+33778890514,"17, Rue 6, Gambetta, Bordeaux, France",1999-08-04,True,F,Frontend Developer,2025-02-13 11:27:15
59,Léna,Girard,léna.girard@yahoo.fr,+33686697505,"749, Rue 85, Vieux-Port, Marseille, France",2006-09-29,True,F,Startup Founder,2025-02-13 11:27:15
60,Charles,Leroy,charles.leroy@outlook.fr,+33710178264,"822, Rue 12, Montmartre, Paris, France",2000-03-20,True,M,Backend Developer,2025-02-13 11:27:15
61,Joseph,Perrin,joseph.perrin@outlook.fr,+33700898535,"891, Rue 73, Graslin, Nantes, France",2001-10-19,True,M,DevOps Engineer,2025-02-13 11:27:15
62,Adam,Girard,adam.girard@hotmail.fr,+33665230330,"251, Rue 94, Île de Nantes, Nantes, France",1997-09-23,True,M,DevOps Engineer,2025-02-13 11:27:15
63,Nina,Leroy,nina.leroy@outlook.fr,+33788905638,"799, Rue 83, Saint-Pierre, Bordeaux, France",1999-05-04,True,F,UI Designer,2025-02-13 11:27:15
64,Alice,Andre,alice.andre@hotmail.fr,+33793937201,"709, Rue 10, Talensac, Nantes, France",1996-08-09,True,F,Community Manager,2025-02-13 11:27:15
65,Emma,Richard,emma.richard@yahoo.fr,+33700448659,"409, Rue 31, Talensac, Nantes, France",1999-07-15,True,F,Growth Hacker,2025-02-13 11:27:15
66,Hugo,Bertrand,hugo.bertrand@outlook.fr,+33601772705,"551, Rue 56, Saint-Cyprien, Toulouse, France",1996-06-21,True,M,Designer UX/UI,2025-02-13 11:27:15
67,Isabella,Guerin,isabella.guerin@outlook.fr,+33694163135,"913, Rue 63, Confluence, Lyon, France",2001-01-31,True,F,Consultant IT,2025-02-13 11:27:15
68,Victor,Durand,victor.durand@yahoo.fr,+33691669447,"674, Rue 30, Carmes, Toulouse, France",2001-08-30,True,M,Software Engineer,2025-02-13 11:27:15
69,Eden,Bonnet,eden.bonnet@hotmail.fr,+33782222397,"445, Rue 61, Chartrons, Bordeaux, France",2002-04-15,True,M,Startup Founder,2025-02-13 11:27:15
70,Gabin,Nicolas,gabin.nicolas@gmail.com,+33746876736,"556, Rue 18, Bastide, Bordeaux, France",1999-02-08,True,M,Développeur Web,2025-02-13 11:27:15
71,Evan,Roux,evan.roux@gmail.com,+33616415931,"712, Rue 94, Talensac, Nantes, France",2006-07-01,True,M,UI Designer,2025-02-13 11:27:15
72,Alix,Bonnet,alix.bonnet@yahoo.fr,+33692517716,"160, Rue 95, Croix-Rousse, Lyon, France",1998-07-21,True,F,Startup Founder,2025-02-13 11:27:15
73,Simon,Durand,simon.durand@hotmail.fr,+33670636148,"102, Rue 6, Endoume, Marseille, France",2006-11-26,True,M,Community Manager,2025-02-13 11:27:15
74,Emilia,Morel,emilia.morel@gmail.com,+33691947743,"768, Rue 46, Minimes, Toulouse, France",2001-07-18,True,F,Data Analyst,2025-02-13 11:27:15
75,Emilia,Roux,emilia.roux@gmail.com,+33782853261,"719, Rue 80, Graslin, Nantes, France",1999-08-30,True,F,Backend Developer,2025-02-13 11:27:15
76,Eden,Andre,eden.andre@yahoo.fr,+33636170314,"949, Rue 79, Bouffay, Nantes, France",1998-10-12,True,M,Développeur Web,2025-02-13 11:27:15
77,Jules,Thomas,jules.thomas@gmail.com,+33754624204,"881, Rue 32, Centre-ville, Nantes, France",2005-02-01,True,M,Software Engineer,2025-02-13 11:27:15
78,Léna,Dupont,léna.dupont@gmail.com,+33783266261,"336, Rue 51, Graslin, Nantes, France",2002-03-27,True,F,Content Manager,2025-02-13 11:27:15
79,Léo,Francois,léo.francois@hotmail.fr,+33750572279,"696, Rue 43, Minimes, Toulouse, France",2002-01-23,True,M,Full Stack Developer,2025-02-13 11:27:15
80,Samuel,Laurent,samuel.laurent@hotmail.fr,+33644684392,"652, Rue 8, Confluence, Lyon, France",2006-12-26,True,M,Développeur Web,2025-02-13 11:27:15
81,Isaac,Richard,isaac.richard@hotmail.fr,+33718434236,"610, Rue 70, Castellane, Marseille, France",2002-09-14,True,M,Startup Founder,2025-02-13 11:27:15
82,Inès,Garnier,inès.garnier@hotmail.fr,+33629361446,"488, Rue 20, Vieux-Port, Marseille, France",2001-01-27,True,F,Développeur Web,2025-02-13 11:27:15
83,Léa,Thomas,léa.thomas@outlook.fr,+33688965267,"599, Rue 15, Champs-Élysées, Paris, France",1999-02-15,True,F,Frontend Developer,2025-02-13 11:27:15
84,Alice,Perrin,alice.perrin@gmail.com,+33679079277,"256, Rue 17, Centre-ville, Nantes, France",2005-06-26,True,F,Consultant IT,2025-02-13 11:27:15
85,Oscar,Garnier,oscar.garnier@outlook.fr,+33742032189,"149, Rue 45, Graslin, Nantes, France",2002-09-18,True,M,Full Stack Developer,2025-02-13 11:27:15
86,Arthur,Richard,arthur.richard@gmail.com,+33633641755,"24, Rue 41, Gambetta, Bordeaux, France",1999-09-22,True,M,Business Developer,2025-02-13 11:27:15
87,Léna,Simon,léna.simon@hotmail.fr,+33748701338,"488, Rue 6, Carmes, Toulouse, France",2003-05-29,True,F,Content Manager,2025-02-13 11:27:15
88,Tom,Mercier,tom.mercier@hotmail.fr,+33665667470,"851, Rue 7, Vieux Lyon, Lyon, France",1996-03-24,True,M,Product Owner,2025-02-13 11:27:15
89,Samuel,Bertrand,samuel.bertrand@hotmail.fr,+33645995482,"180, Rue 93, Marais, Paris, France",2006-03-09,True,M,DevOps Engineer,2025-02-13 11:27:15
90,Naël,Vincent,naël.vincent@hotmail.fr,+33671798960,"782, Rue 27, Saint-Aubin, Toulouse, France",2002-06-24,True,M,Designer UX/UI,2025-02-13 11:27:15
91,Antoine,Mathieu,antoine.mathieu@outlook.fr,+33662249575,"213, Rue 62, Part-Dieu, Lyon, France",2001-08-14,True,M,Designer UX/UI,2025-02-13 11:27:15
92,Arthur,Simon,arthur.simon@yahoo.fr,+33748329759,"218, Rue 37, Croix-Rousse, Lyon, France",1997-11-14,True,M,Mobile Developer,2025-02-13 11:27:15
93,Manon,Vincent,manon.vincent@yahoo.fr,+33791625089,"518, Rue 67, Vieux Lyon, Lyon, France",2006-03-21,True,F,Frontend Developer,2025-02-13 11:27:15
94,Lina,Bernard,lina.bernard@hotmail.fr,+33789782741,"420, Rue 91, Chartrons, Bordeaux, France",1996-09-04,True,F,Mobile Developer,2025-02-13 11:27:15
95,Maya,Girard,maya.girard@outlook.fr,+33787240890,"946, Rue 9, Bastide, Bordeaux, France",2000-08-14,True,F,Mobile Developer,2025-02-13 11:27:15
96,Juliette,Laurent,juliette.laurent@hotmail.fr,+33741254649,"98, Rue 98, Le Panier, Marseille, France",2003-12-24,True,F,Frontend Developer,2025-02-13 11:27:15
97,Juliette,Morin,juliette.morin@hotmail.fr,+33664059128,"929, Rue 5, Montmartre, Paris, France",1999-08-12,True,F,Startup Founder,2025-02-13 11:27:15
98,Alix,Lambert,alix.lambert@yahoo.fr,+33627390622,"162, Rue 50, Saint-Pierre, Bordeaux, France",2006-11-15,True,F,Startup Founder,2025-02-13 11:27:15
99,Isabella,Bertrand,isabella.bertrand@yahoo.fr,+33725211559,"227, Rue 40, Vieux-Port, Marseille, France",2003-08-02,True,F,Designer UX/UI,2025-02-13 11:27:15
100,Lola,Andre,lola.andre@gmail.com,+33601113600,"406, Rue 81, Capitole, Toulouse, France",1996-10-08,True,F,Mobile Developer,2025-02-13 11:27:15
101,Adam,Girard,adam.girard@gmail.com,+33734591324,"319, Rue 95, Chartrons, Bordeaux, France",1999-10-28,True,M,Business Developer,2025-02-13 11:27:15
102,Sacha,Leroy,sacha.leroy@outlook.fr,+33644162756,"599, Rue 36, Castellane, Marseille, France",1997-02-27,True,M,UI Designer,2025-02-13 11:27:15
103,Nina,Guerin,nina.guerin@yahoo.fr,+33669579270,"724, Rue 78, Capitole, Toulouse, France",2005-10-14,True,F,Business Developer,2025-02-13 11:27:15
104,Noah,Bernard,noah.bernard@gmail.com,+33774114446,"604, Rue 69, Quartier Latin, Paris, France",1997-06-11,True,M,UI Designer,2025-02-13 11:27:15
105,Martin,Legrand,martin.legrand@gmail.com,+33786552457,"988, Rue 66, Champs-Élysées, Paris, France",2001-01-15,True,M,Content Manager,2025-02-13 11:27:15
106,Amelia,Garnier,amelia.garnier@gmail.com,+33605410978,"492, Rue 14, Croix-Rousse, Lyon, France",2006-10-28,True,F,Frontend Developer,2025-02-13 11:27:15
107,Ethan,Dupont,ethan.dupont@yahoo.fr,+33720129487,"480, Rue 58, Gambetta, Bordeaux, France",2005-04-12,True,M,Community Manager,2025-02-13 11:27:15
108,Charles,Bonnet,charles.bonnet@hotmail.fr,+33624244894,"879, Rue 92, Bouffay, Nantes, France",1997-07-15,True,M,Chef de Projet Digital,2025-02-13 11:27:15
109,Maya,Girard,maya.girard@hotmail.fr,+33736244208,"987, Rue 28, Marais, Paris, France",1999-05-15,True,F,Data Analyst,2025-02-13 11:27:15
110,Ethan,Garcia,ethan.garcia@hotmail.fr,+33628357911,"431, Rue 37, Carmes, Toulouse, France",1996-02-29,True,M,UI Designer,2025-02-13 11:27:15
111,Ava,Henry,ava.henry@hotmail.fr,+33629778585,"448, Rue 7, Chartrons, Bordeaux, France",1996-12-19,True,F,Chef de Projet Digital,2025-02-13 11:27:15
112,Luna,Thomas,luna.thomas@hotmail.fr,+33658281972,"711, Rue 30, Prado, Marseille, France",2003-06-30,True,F,Community Manager,2025-02-13 11:27:15
113,Lina,Bertrand,lina.bertrand@yahoo.fr,+33646732922,"132, Rue 100, Talensac, Nantes, France",2006-07-26,True,F,Backend Developer,2025-02-13 11:27:15
114,Naël,Fournier,naël.fournier@gmail.com,+33744039336,"84, Rue 28, Talensac, Nantes, France",2002-02-27,True,M,Full Stack Developer,2025-02-13 11:27:15
115,Naël,Durand,naël.durand@gmail.com,+33758288349,"728, Rue 2, Centre-ville, Nantes, France",2006-02-27,True,M,Growth Hacker,2025-02-13 11:27:15
116,Victor,Garnier,victor.garnier@outlook.fr,+33682668234,"874, Rue 95, Confluence, Lyon, France",1996-12-19,True,M,Startup Founder,2025-02-13 11:27:15
117,Jade,Roux,jade.roux@gmail.com,+33713487350,"216, Rue 26, Quartier Latin, Paris, France",2003-09-10,True,F,Business Developer,2025-02-13 11:27:15
118,Jacob,Rousseau,jacob.rousseau@outlook.fr,+33721366651,"587, Rue 60, Bouffay, Nantes, France",2003-10-09,True,M,Software Engineer,2025-02-13 11:27:15
119,David,Girard,david.girard@yahoo.fr,+33619247358,"79, Rue 4, Castellane, Marseille, France",2005-11-10,True,M,Développeur Web,2025-02-13 11:27:15
120,Olivia,Roussel,olivia.roussel@hotmail.fr,+33745490199,"734, Rue 46, Montmartre, Paris, France",2006-07-10,True,F,Chef de Projet Digital,2025-02-13 11:27:15
121,Charles,Lefevre,charles.lefevre@gmail.com,+33689766534,"289, Rue 63, Graslin, Nantes, France",2005-04-15,True,M,Content Manager,2025-02-13 11:27:15
122,Léna,Garnier,léna.garnier@outlook.fr,+33795120959,"511, Rue 64, Saint-Aubin, Toulouse, France",2006-04-26,True,F,Mobile Developer,2025-02-13 11:27:15
123,Sofia,Leroy,sofia.leroy@yahoo.fr,+33604349930,"420, Rue 40, Bouffay, Nantes, France",1999-06-16,True,F,Data Analyst,2025-02-13 11:27:15
124,Simon,Vincent,simon.vincent@yahoo.fr,+33646799953,"969, Rue 37, Saint-Pierre, Bordeaux, France",2001-02-11,True,M,Chef de Projet Digital,2025-02-13 11:27:15
125,Ethan,Martinez,ethan.martinez@hotmail.fr,+33688954826,"552, Rue 38, Champs-Élysées, Paris, France",2005-05-18,True,M,Product Owner,2025-02-13 11:27:15
126,Charles,Faure,charles.faure@hotmail.fr,+33677810837,"50, Rue 29, Bastille, Paris, France",2000-11-19,True,M,Startup Founder,2025-02-13 11:27:15
127,Maya,Petit,maya.petit@hotmail.fr,+33669309806,"168, Rue 18, Talensac, Nantes, France",2005-02-18,True,F,Designer UX/UI,2025-02-13 11:27:15
128,Hugo,Perrin,hugo.perrin@gmail.com,+33670736662,"674, Rue 62, Saint-Aubin, Toulouse, France",1997-01-25,True,M,Data Analyst,2025-02-13 11:27:15
129,Ava,Bernard,ava.bernard@outlook.fr,+33725244068,"683, Rue 26, Capitole, Toulouse, France",2006-05-22,True,F,Product Owner,2025-02-13 11:27:15
130,Jules,Vincent,jules.vincent@yahoo.fr,+33784391947,"659, Rue 44, Montmartre, Paris, France",2000-11-12,True,M,Growth Hacker,2025-02-13 11:27:15
131,Raphaël,Roux,raphaël.roux@yahoo.fr,+33693672334,"297, Rue 47, Saint-Aubin, Toulouse, France",1998-12-24,True,M,Data Analyst,2025-02-13 11:27:15
132,Olivia,Garcia,olivia.garcia@outlook.fr,+33662724813,"530, Rue 48, Presqu'île, Lyon, France",1998-03-19,True,F,Full Stack Developer,2025-02-13 11:27:15
133,Ava,Vincent,ava.vincent@yahoo.fr,+33797900073,"173, Rue 26, Endoume, Marseille, France",2001-05-19,True,F,Product Owner,2025-02-13 11:27:15
134,Axel,Legrand,axel.legrand@hotmail.fr,+33729657109,"248, Rue 57, Presqu'île, Lyon, France",2006-06-19,True,M,Full Stack Developer,2025-02-13 11:27:15
135,Elena,Perrin,elena.perrin@yahoo.fr,+33680023490,"975, Rue 91, Saint-Aubin, Toulouse, France",2004-08-03,True,F,Digital Marketing Manager,2025-02-13 11:27:15
136,Sophie,Bernard,sophie.bernard@yahoo.fr,+33684220561,"368, Rue 41, Bouffay, Nantes, France",2006-03-05,True,F,Digital Marketing Manager,2025-02-13 11:27:15
137,Joseph,Mercier,joseph.mercier@yahoo.fr,+33788102691,"562, Rue 42, Carmes, Toulouse, France",2005-05-07,True,M,Mobile Developer,2025-02-13 11:27:15
138,Clara,Richard,clara.richard@yahoo.fr,+33638928056,"361, Rue 53, Castellane, Marseille, France",2001-03-20,True,F,Data Analyst,2025-02-13 11:27:15
139,Eva,Simon,eva.simon@hotmail.fr,+33626976212,"962, Rue 36, Bastille, Paris, France",2002-02-02,True,F,Content Manager,2025-02-13 11:27:15
140,Raphaël,Petit,raphaël.petit@gmail.com,+33716418940,"726, Rue 51, Île de Nantes, Nantes, France",1999-10-01,True,M,Digital Marketing Manager,2025-02-13 11:27:15
141,Juliette,Fournier,juliette.fournier@gmail.com,+33679297638,"392, Rue 81, Minimes, Toulouse, France",1999-02-06,True,F,Content Manager,2025-02-13 11:27:15
142,Manon,Richard,manon.richard@hotmail.fr,+33618113255,"427, Rue 64, Endoume, Marseille, France",1998-01-27,True,F,Mobile Developer,2025-02-13 11:27:15
143,Paul,Mathieu,paul.mathieu@outlook.fr,+33741905357,"115, Rue 3, Confluence, Lyon, France",1998-05-04,True,M,UI Designer,2025-02-13 11:27:15
144,Charlotte,Guerin,charlotte.guerin@outlook.fr,+33651104999,"452, Rue 11, Endoume, Marseille, France",2005-07-28,True,F,Développeur Web,2025-02-13 11:27:15
145,Ethan,Faure,ethan.faure@hotmail.fr,+33751011117,"74, Rue 83, Presqu'île, Lyon, France",2006-09-22,True,M,Chef de Projet Digital,2025-02-13 11:27:15
146,Lucia,Lefebvre,lucia.lefebvre@hotmail.fr,+33625675645,"477, Rue 94, Le Panier, Marseille, France",2000-07-23,True,F,DevOps Engineer,2025-02-13 11:27:15
147,Sofia,Lambert,sofia.lambert@gmail.com,+33788160047,"663, Rue 95, Montmartre, Paris, France",2003-04-26,True,F,DevOps Engineer,2025-02-13 11:27:15
148,Jade,Morin,jade.morin@yahoo.fr,+33678211434,"985, Rue 20, Vieux Lyon, Lyon, France",1998-03-09,True,F,Data Analyst,2025-02-13 11:27:15
149,Gabriel,Mathieu,gabriel.mathieu@hotmail.fr,+33682706854,"411, Rue 4, Centre-ville, Nantes, France",1999-02-26,True,M,Digital Marketing Manager,2025-02-13 11:27:15
150,Lou,Lambert,lou.lambert@outlook.fr,+33781186612,"997, Rue 7, Le Panier, Marseille, France",2002-09-16,True,F,Software Engineer,2025-02-13 11:27:15
151,Jade,Blanc,jade.blanc@yahoo.fr,+33626751681,"391, Rue 41, Prado, Marseille, France",2002-07-11,True,F,Growth Hacker,2025-02-13 11:27:15
152,Mia,Laurent,mia.laurent@outlook.fr,+33641699606,"227, Rue 13, Saint-Michel, Bordeaux, France",2000-06-23,True,F,Développeur Web,2025-02-13 11:27:15
153,Victoria,Perrin,victoria.perrin@gmail.com,+33642500896,"479, Rue 87, Île de Nantes, Nantes, France",2000-07-24,True,F,Consultant IT,2025-02-13 11:27:15
154,Emma,David,emma.david@gmail.com,+33733329277,"389, Rue 6, Part-Dieu, Lyon, France",2005-12-17,True,F,Content Manager,2025-02-13 11:27:15
155,Alice,Leroy,alice.leroy@hotmail.fr,+33605189393,"165, Rue 16, Vieux-Port, Marseille, France",2000-10-22,True,F,DevOps Engineer,2025-02-13 11:27:15
156,Juliette,Martinez,juliette.martinez@yahoo.fr,+33715140758,"297, Rue 3, Prado, Marseille, France",1999-12-08,True,F,Content Manager,2025-02-13 11:27:15
157,Victor,Durand,victor.durand28@yahoo.fr,+33775598577,"261, Rue 43, Presqu'île, Lyon, France",2005-04-15,True,M,Software Engineer,2025-02-13 11:27:15
158,Lucas,Lambert,lucas.lambert@outlook.fr,+33692319598,"12, Rue 46, Minimes, Toulouse, France",2005-11-30,True,M,Digital Marketing Manager,2025-02-13 11:27:15
159,Alex,Roussel,alex.roussel@hotmail.fr,+33797954041,"358, Rue 38, Chartrons, Bordeaux, France",2006-06-22,True,M,UI Designer,2025-02-13 11:27:15
160,Mia,Petit,mia.petit@yahoo.fr,+33767820453,"859, Rue 43, Croix-Rousse, Lyon, France",2005-09-05,True,F,Développeur Web,2025-02-13 11:27:15
161,Sarah,Martinez,sarah.martinez@outlook.fr,+33712471581,"680, Rue 38, Chartrons, Bordeaux, France",2001-03-16,True,F,Product Owner,2025-02-13 11:27:15
162,Gabin,Henry,gabin.henry@gmail.com,+33731969126,"91, Rue 11, Marais, Paris, France",2000-08-24,True,M,Content Manager,2025-02-13 11:27:15
163,Jacob,Mercier,jacob.mercier@outlook.fr,+33773448402,"348, Rue 7, Prado, Marseille, France",2004-02-16,True,M,DevOps Engineer,2025-02-13 11:27:15
164,Gabin,Nicolas,gabin.nicolas@hotmail.fr,+33649728694,"889, Rue 49, Bastide, Bordeaux, France",1997-04-29,True,M,Full Stack Developer,2025-02-13 11:27:15
165,Sophie,Garcia,sophie.garcia@gmail.com,+33706864046,"727, Rue 83, Presqu'île, Lyon, France",1997-02-04,True,F,Growth Hacker,2025-02-13 11:27:15
166,Jules,Bertrand,jules.bertrand@yahoo.fr,+33693039197,"568, Rue 11, Saint-Michel, Bordeaux, France",2006-07-28,True,M,Community Manager,2025-02-13 11:27:15
167,Nathan,Durand,nathan.durand@outlook.fr,+33681033580,"952, Rue 87, Capitole, Toulouse, France",2000-09-18,True,M,Développeur Web,2025-02-13 11:27:15
168,Manon,Bertrand,manon.bertrand@gmail.com,+33699353850,"312, Rue 37, Bastille, Paris, France",2004-01-29,True,F,Full Stack Developer,2025-02-13 11:27:15
169,Eva,Roux,eva.roux@outlook.fr,+33614409511,"838, Rue 3, Quartier Latin, Paris, France",2003-05-01,True,F,Consultant IT,2025-02-13 11:27:15
170,Paul,Muller,paul.muller@outlook.fr,+33691306730,"993, Rue 73, Confluence, Lyon, France",2000-04-11,True,M,Frontend Developer,2025-02-13 11:27:15
171,Adam,Martin,adam.martin@hotmail.fr,+33600809958,"853, Rue 31, Bastille, Paris, France",2006-09-25,True,M,Business Developer,2025-02-13 11:27:15
172,Léo,Durand,léo.durand@hotmail.fr,+33749188125,"110, Rue 56, Presqu'île, Lyon, France",2000-04-24,True,M,UI Designer,2025-02-13 11:27:15
173,Sophia,Faure,sophia.faure@outlook.fr,+33788608790,"580, Rue 85, Minimes, Toulouse, France",2004-08-18,True,F,Digital Marketing Manager,2025-02-13 11:27:15
174,Oscar,Leroy,oscar.leroy@gmail.com,+33758019749,"942, Rue 23, Endoume, Marseille, France",1999-05-11,True,M,Community Manager,2025-02-13 11:27:15
175,Léonie,Leroy,léonie.leroy@hotmail.fr,+33699625106,"677, Rue 49, Vieux Lyon, Lyon, France",2006-03-05,True,F,Backend Developer,2025-02-13 11:27:15
176,Eva,Garnier,eva.garnier@hotmail.fr,+33726965763,"361, Rue 48, Gambetta, Bordeaux, France",1999-01-08,True,F,Digital Marketing Manager,2025-02-13 11:27:15
177,Aaron,Lefebvre,aaron.lefebvre@hotmail.fr,+33676548501,"833, Rue 5, Saint-Pierre, Bordeaux, France",2005-11-27,True,M,Chef de Projet Digital,2025-02-13 11:27:15
178,Simon,Francois,simon.francois@outlook.fr,+33789776595,"395, Rue 42, Gambetta, Bordeaux, France",2000-07-12,True,M,Développeur Web,2025-02-13 11:27:15
179,Maya,Faure,maya.faure@outlook.fr,+33729118398,"455, Rue 100, Part-Dieu, Lyon, France",1998-07-30,True,F,Product Owner,2025-02-13 11:27:15
180,Victoria,Lambert,victoria.lambert@outlook.fr,+33612097046,"944, Rue 96, Saint-Pierre, Bordeaux, France",1999-08-09,True,F,UI Designer,2025-02-13 11:27:15
181,Maya,Bernard,maya.bernard@hotmail.fr,+33764045933,"669, Rue 68, Capitole, Toulouse, France",1997-11-24,True,F,DevOps Engineer,2025-02-13 11:27:15
182,Sarah,Martin,sarah.martin@outlook.fr,+33633007324,"664, Rue 92, Île de Nantes, Nantes, France",1997-03-16,True,F,DevOps Engineer,2025-02-13 11:27:15
183,Gabriel,Bonnet,gabriel.bonnet@outlook.fr,+33798643077,"542, Rue 90, Talensac, Nantes, France",2002-01-23,True,M,Growth Hacker,2025-02-13 11:27:15
184,Martin,Michel,martin.michel@hotmail.fr,+33650154564,"11, Rue 76, Carmes, Toulouse, France",1999-08-31,True,M,Frontend Developer,2025-02-13 11:27:15
185,Ethan,David,ethan.david@yahoo.fr,+33638049696,"316, Rue 91, Saint-Michel, Bordeaux, France",2005-12-11,True,M,Content Manager,2025-02-13 11:27:15
186,Isabella,Robert,isabella.robert@yahoo.fr,+33624776129,"453, Rue 16, Endoume, Marseille, France",1998-02-09,True,F,Backend Developer,2025-02-13 11:27:15
187,Evan,Mathieu,evan.mathieu@gmail.com,+33637179758,"743, Rue 17, Chartrons, Bordeaux, France",1996-08-10,True,M,DevOps Engineer,2025-02-13 11:27:15
188,Julia,Blanc,julia.blanc@gmail.com,+33635960666,"960, Rue 72, Saint-Aubin, Toulouse, France",1997-07-24,True,F,Content Manager,2025-02-13 11:27:15
189,Martin,Martinez,martin.martinez@hotmail.fr,+33626837063,"91, Rue 5, Île de Nantes, Nantes, France",2002-05-22,True,M,DevOps Engineer,2025-02-13 11:27:15
190,Martin,Lefebvre,martin.lefebvre@yahoo.fr,+33679447664,"163, Rue 95, Minimes, Toulouse, France",2003-11-30,True,M,Chef de Projet Digital,2025-02-13 11:27:15
191,Aaron,Simon,aaron.simon@hotmail.fr,+33720219693,"63, Rue 26, Castellane, Marseille, France",2000-11-22,True,M,Digital Marketing Manager,2025-02-13 11:27:15
192,Zoé,Richard,zoé.richard@yahoo.fr,+33715588691,"605, Rue 27, Saint-Pierre, Bordeaux, France",2002-05-20,True,F,Full Stack Developer,2025-02-13 11:27:15
193,Tom,Blanc,tom.blanc@outlook.fr,+33774387234,"719, Rue 14, Bastide, Bordeaux, France",1998-09-20,True,M,Software Engineer,2025-02-13 11:27:15
194,Camille,Petit,camille.petit@outlook.fr,+33718532990,"252, Rue 44, Le Panier, Marseille, France",2006-05-26,True,F,Business Developer,2025-02-13 11:27:15
195,Jade,Bertrand,jade.bertrand@gmail.com,+33712267251,"330, Rue 82, Centre-ville, Nantes, France",2005-08-10,True,F,Business Developer,2025-02-13 11:27:15
196,Charlotte,Girard,charlotte.girard@outlook.fr,+33644682696,"439, Rue 5, Saint-Michel, Bordeaux, France",2000-12-07,True,F,Développeur Web,2025-02-13 11:27:15
197,Sofia,Thomas,sofia.thomas@yahoo.fr,+33748459925,"692, Rue 78, Saint-Cyprien, Toulouse, France",2003-10-11,True,F,Startup Founder,2025-02-13 11:27:15
198,Inès,Dubois,inès.dubois@yahoo.fr,+33733367507,"770, Rue 47, Croix-Rousse, Lyon, France",2001-11-03,True,F,Software Engineer,2025-02-13 11:27:15
199,Simon,Blanc,simon.blanc@yahoo.fr,+33614043646,"328, Rue 50, Marais, Paris, France",2005-06-08,True,M,Startup Founder,2025-02-13 11:27:15
200,Léonie,Thomas,léonie.thomas@hotmail.fr,+33768892580,"748, Rue 72, Bastide, Bordeaux, France",2006-02-20,True,F,Content Manager,2025-02-13 11:27:15
