id,first_name,last_name,email,phone,address,date_of_birth,status,gender,job,created_at
1,Chaima,El Yacoubi,chaima.elyacoubi@outlook.com,0665534519,"966, Rue 90, Gueliz, Marrakech, Maroc",1958-07-27,True,F,Pharmacist,2025-02-07 16:24:17
2,Adil,Chraibi,adil.chraibi@outlook.com,0715675126,"28, Rue 11, Ben M'Sick, Casablanca, Maroc",1970-03-11,True,M,Lawyer,2025-02-07 16:24:17
3,Imane,Bensouda,imane.bensouda@outlook.com,0693896872,"167, Rue 100, Hassan, Rabat, Maroc",1983-12-22,True,F,Professor,2025-02-07 16:24:17
4,Dounia,Ramdani,dounia.ramdani@gmail.com,0736037337,"256, Rue 98, Aviation, Rabat, Maroc",1970-06-12,True,F,Civil Servant,2025-02-07 16:24:17
5,Rania,Benamour,rania.benamour@hotmail.com,0685434475,"351, Rue 29, Targa, Marrakech, Maroc",1965-12-24,True,F,Architect,2025-02-07 16:24:17
6,Leila,El Kandoussi,leila.elkandoussi@yahoo.fr,0781282708,"259, Rue 35, Hay Mohammadi, Casablanca, Maroc",1992-08-04,True,F,Professor,2025-02-07 16:24:17
7,Oussama,El Hajji,oussama.elhajji@outlook.com,0645145182,"690, Rue 10, Agdal, Rabat, Maroc",1997-09-07,True,M,Pharmacist,2025-02-07 16:24:17
8,Meryem,El Baroudi,meryem.elbaroudi@hotmail.com,0640816667,"564, Rue 41, Hivernage, Marrakech, Maroc",1990-09-11,True,F,Lawyer,2025-02-07 16:24:17
9,Chaima,Benchekroun,chaima.benchekroun@gmail.com,0651337699,"736, Rue 54, Hivernage, Marrakech, Maroc",1974-12-30,True,F,Accountant,2025-02-07 16:24:17
10,Sanaa,El Hassani,sanaa.elhassani@hotmail.com,0691622820,"272, Rue 48, Val Fleuri, Tangier, Maroc",1986-05-01,True,F,Dentist,2025-02-07 16:24:17
11,Salma,Idrissi,salma.idrissi@yahoo.fr,0645901591,"244, Rue 70, Sidi Bernoussi, Casablanca, Maroc",1983-06-07,True,F,Consultant,2025-02-07 16:24:17
12,Laila,Benamour,laila.benamour@yahoo.fr,0766152400,"826, Rue 46, Medina, Marrakech, Maroc",1994-08-26,True,F,Business Owner,2025-02-07 16:24:17
13,Mohsen,Kabbaj,mohsen.kabbaj@gmail.com,0648204064,"83, Rue 76, Malabata, Tangier, Maroc",1987-01-15,True,M,Accountant,2025-02-07 16:24:17
14,Tariq,Tahiri,tariq.tahiri@yahoo.fr,0716728750,"757, Rue 70, Gauthier, Casablanca, Maroc",1968-03-24,True,M,Bank Officer,2025-02-07 16:24:17
15,Laila,El Mansouri,laila.elmansouri@outlook.com,0614474602,"365, Rue 94, Targa, Marrakech, Maroc",1983-03-11,True,F,Dentist,2025-02-07 16:24:17
16,Soumaya,Benjelloun,soumaya.benjelloun@yahoo.fr,0725977905,"456, Rue 76, Medina, Fes, Maroc",1963-06-21,True,F,Consultant,2025-02-07 16:24:17
17,Nadia,El Bouzidi,nadia.elbouzidi@yahoo.fr,0685983074,"299, Rue 85, 2 Mars, Casablanca, Maroc",1987-07-29,True,F,Doctor,2025-02-07 16:24:17
18,Amine,Benhaddou,amine.benhaddou@yahoo.fr,0675226459,"55, Rue 59, Marchane, Tangier, Maroc",2001-05-08,True,M,Accountant,2025-02-07 16:24:17
19,Chaima,El Hassani,chaima.elhassani@hotmail.com,0645529560,"320, Rue 11, Hassan, Rabat, Maroc",2006-01-17,True,F,Civil Servant,2025-02-07 16:24:17
20,Salma,Benhaddou,salma.benhaddou@gmail.com,0772549924,"553, Rue 42, Anfa, Casablanca, Maroc",1988-05-03,True,F,Civil Servant,2025-02-07 16:24:17
21,Abdelaziz,El Yousfi,abdelaziz.elyousfi@hotmail.com,0680630553,"326, Rue 48, Anfa, Casablanca, Maroc",1967-05-04,True,M,Lawyer,2025-02-07 16:24:17
22,Houda,El Fassi,houda.elfassi@yahoo.fr,0686319676,"350, Rue 7, Ville Nouvelle, Fes, Maroc",1979-06-14,True,F,Engineer,2025-02-07 16:24:17
23,Hayat,Chafik,hayat.chafik@outlook.com,0684192452,"327, Rue 33, Route Immouzer, Fes, Maroc",1984-01-18,True,F,Engineer,2025-02-07 16:24:17
24,Soufiane,Belghiti,soufiane.belghiti@hotmail.com,0657460724,"385, Rue 50, Youssoufia, Rabat, Maroc",1982-10-18,True,M,Engineer,2025-02-07 16:24:17
25,Siham,Belghiti,siham.belghiti@outlook.com,0684090657,"603, Rue 31, Anfa, Casablanca, Maroc",1959-09-14,True,F,Bank Officer,2025-02-07 16:24:17
26,Rachid,El Gharbi,rachid.elgharbi@hotmail.com,0738794529,"687, Rue 78, Atlas, Fes, Maroc",1972-05-22,True,M,Bank Officer,2025-02-07 16:24:17
27,Meryem,Belghiti,meryem.belghiti@hotmail.com,0738969003,"32, Rue 93, Medina, Fes, Maroc",1975-07-08,True,F,Doctor,2025-02-07 16:24:17
28,Abderrahim,Tahiri,abderrahim.tahiri@gmail.com,0634604588,"702, Rue 47, Saiss, Fes, Maroc",2001-07-16,True,M,IT Professional,2025-02-07 16:24:17
29,Ikram,El Kandoussi,ikram.elkandoussi@gmail.com,0719069412,"620, Rue 36, Saiss, Fes, Maroc",1966-11-26,True,F,Sales Manager,2025-02-07 16:24:17
30,Dounia,Tazi,dounia.tazi@gmail.com,0717154113,"19, Rue 97, Hay Riad, Rabat, Maroc",1968-01-11,True,F,IT Professional,2025-02-07 16:24:17
31,Ibrahim,El Fassi,ibrahim.elfassi@outlook.com,0758235086,"309, Rue 78, Amerchich, Marrakech, Maroc",1975-03-26,True,M,Civil Servant,2025-02-07 16:24:17
32,Karim,Lahlou,karim.lahlou@gmail.com,0711941934,"569, Rue 86, Ain Kadous, Fes, Maroc",1968-04-13,True,M,Lawyer,2025-02-07 16:24:17
33,Driss,El Hamidi,driss.elhamidi@yahoo.fr,0621058818,"898, Rue 49, Ain Kadous, Fes, Maroc",2006-12-21,True,M,Pharmacist,2025-02-07 16:24:17
34,Ilham,Ouazzani,ilham.ouazzani@gmail.com,0622408205,"113, Rue 22, Targa, Marrakech, Maroc",1967-01-13,True,F,Lawyer,2025-02-07 16:24:17
35,Tarik,Chraibi,tarik.chraibi@yahoo.fr,0787210496,"199, Rue 75, Saiss, Fes, Maroc",1956-07-10,True,M,Doctor,2025-02-07 16:24:17
36,Soufiane,Tazi,soufiane.tazi@outlook.com,0677998215,"141, Rue 18, Iberia, Tangier, Maroc",1994-08-27,True,M,Consultant,2025-02-07 16:24:17
37,Zineb,El Hajji,zineb.elhajji@hotmail.com,0684473963,"297, Rue 54, Anfa, Casablanca, Maroc",1977-10-11,True,F,Sales Manager,2025-02-07 16:24:17
38,Zineb,El Bouzidi,zineb.elbouzidi@gmail.com,0733122878,"600, Rue 99, Medina, Fes, Maroc",1987-12-01,True,F,Professor,2025-02-07 16:24:17
39,Tarik,Benjelloun,tarik.benjelloun@hotmail.com,0680750959,"562, Rue 87, Ben M'Sick, Casablanca, Maroc",1995-12-15,True,M,Engineer,2025-02-07 16:24:17
40,Ibtissam,El Gharbi,ibtissam.elgharbi@outlook.com,0689714891,"615, Rue 51, Hay Hassani, Casablanca, Maroc",1972-08-04,True,F,Dentist,2025-02-07 16:24:17
41,Wafaa,Hajjami,wafaa.hajjami@gmail.com,0785160868,"422, Rue 85, Gueliz, Marrakech, Maroc",1982-05-26,True,F,Business Owner,2025-02-07 16:24:17
42,Hassan,Tahiri,hassan.tahiri@yahoo.fr,0798376861,"239, Rue 32, Val Fleuri, Tangier, Maroc",1993-05-30,True,M,Civil Servant,2025-02-07 16:24:17
43,Mustafa,Amrani,mustafa.amrani@hotmail.com,0669452615,"536, Rue 89, Atlas, Fes, Maroc",1963-05-10,True,M,Business Owner,2025-02-07 16:24:17
44,Naima,Hajjami,naima.hajjami@hotmail.com,0624182673,"929, Rue 100, 2 Mars, Casablanca, Maroc",1962-05-27,True,F,Sales Manager,2025-02-07 16:24:17
45,Meryem,Berrada,meryem.berrada@gmail.com,0740578096,"302, Rue 29, Targa, Marrakech, Maroc",1987-07-17,True,F,Civil Servant,2025-02-07 16:24:17
46,Ibtissam,El Gharbi,ibtissam.elgharbi@yahoo.fr,0637264424,"328, Rue 49, Akkari, Rabat, Maroc",1983-01-21,True,F,Professor,2025-02-07 16:24:17
47,Youssef,El Mansouri,youssef.elmansouri@gmail.com,0718320069,"669, Rue 76, Massira, Marrakech, Maroc",1999-01-19,True,M,Civil Servant,2025-02-07 16:24:17
48,Soumaya,Benhaddou,soumaya.benhaddou@hotmail.com,0789087832,"938, Rue 1, Atlas, Fes, Maroc",1992-06-27,True,F,Pharmacist,2025-02-07 16:24:17
49,Laila,Bennis,laila.bennis@outlook.com,0688464190,"356, Rue 52, Youssoufia, Rabat, Maroc",1959-05-13,True,F,Professor,2025-02-07 16:24:17
50,Jamal,El Kandoussi,jamal.elkandoussi@outlook.com,0743977855,"531, Rue 22, Centre Ville, Tangier, Maroc",1999-04-19,True,M,Pharmacist,2025-02-07 16:24:17
51,Khadija,Bennani,khadija.bennani@gmail.com,0784176543,"813, Rue 48, Les Orangers, Rabat, Maroc",2003-09-05,True,F,Consultant,2025-02-07 16:24:17
52,Mohsen,El Yousfi,mohsen.elyousfi@hotmail.com,0741915774,"785, Rue 48, Medina, Fes, Maroc",1978-02-26,True,M,Bank Officer,2025-02-07 16:24:17
53,Hind,El Baroudi,hind.elbaroudi@outlook.com,0735650701,"112, Rue 67, Aviation, Rabat, Maroc",1991-12-21,True,F,Engineer,2025-02-07 16:24:17
54,Nadia,Lahlou,nadia.lahlou@outlook.com,0613236899,"355, Rue 71, Bourgogne, Casablanca, Maroc",2006-04-11,True,F,Bank Officer,2025-02-07 16:24:17
55,Mehdi,Belmokhtar,mehdi.belmokhtar@outlook.com,0737120551,"883, Rue 44, Youssoufia, Rabat, Maroc",2002-02-05,True,M,Pharmacist,2025-02-07 16:24:17
56,Soumaya,Amrani,soumaya.amrani@gmail.com,0642452375,"461, Rue 86, Les Orangers, Rabat, Maroc",1973-01-18,True,F,Business Owner,2025-02-07 16:24:17
57,Abdelaziz,Bensouda,abdelaziz.bensouda@outlook.com,0692281554,"677, Rue 100, Iberia, Tangier, Maroc",1987-08-12,True,M,Teacher,2025-02-07 16:24:17
58,Abdelhak,Chafik,abdelhak.chafik@gmail.com,0633130747,"42, Rue 67, Centre Ville, Tangier, Maroc",1993-04-11,True,M,Professor,2025-02-07 16:24:17
59,Fayçal,Tahiri,fayçal.tahiri@gmail.com,0723143722,"365, Rue 95, Iberia, Tangier, Maroc",1996-05-13,True,M,Architect,2025-02-07 16:24:17
60,Adil,El Hajji,adil.elhajji@outlook.com,0765120217,"814, Rue 1, Ville Nouvelle, Fes, Maroc",1993-06-13,True,M,Dentist,2025-02-07 16:24:17
61,Tariq,Kabbaj,tariq.kabbaj@hotmail.com,0788221873,"599, Rue 4, Les Orangers, Rabat, Maroc",1962-01-18,True,M,Pharmacist,2025-02-07 16:24:17
62,Abdelhak,Idrissi,abdelhak.idrissi@yahoo.fr,0646642257,"436, Rue 66, Sidi Ghanem, Marrakech, Maroc",1998-06-05,True,M,Doctor,2025-02-07 16:24:17
63,Nadia,Bennis,nadia.bennis@gmail.com,0685148679,"355, Rue 35, Agdal, Rabat, Maroc",1978-07-13,True,F,Doctor,2025-02-07 16:24:17
64,Amina,Idrissi,amina.idrissi@yahoo.fr,0711170667,"380, Rue 72, Val Fleuri, Tangier, Maroc",1959-03-13,True,F,Pharmacist,2025-02-07 16:24:17
65,Nadia,El Hamidi,nadia.elhamidi@hotmail.com,0695217328,"273, Rue 27, Saiss, Fes, Maroc",1993-10-02,True,F,Business Owner,2025-02-07 16:24:17
66,Said,Bensouda,said.bensouda@gmail.com,0773615382,"558, Rue 4, Ain Kadous, Fes, Maroc",2006-12-21,True,M,Civil Servant,2025-02-07 16:24:17
67,Abderrahim,El Bouzidi,abderrahim.elbouzidi@hotmail.com,0688654328,"395, Rue 26, Hay Riad, Rabat, Maroc",2006-11-21,True,M,Pharmacist,2025-02-07 16:24:17
68,Nabil,Alaoui,nabil.alaoui@yahoo.fr,0635213407,"81, Rue 85, Malabata, Tangier, Maroc",1981-09-14,True,M,Consultant,2025-02-07 16:24:17
69,Karima,El Fassi,karima.elfassi@hotmail.com,0621223081,"581, Rue 49, Youssoufia, Rabat, Maroc",1995-01-04,True,F,Engineer,2025-02-07 16:24:17
70,Ibrahim,Ouazzani,ibrahim.ouazzani@yahoo.fr,0632730764,"199, Rue 85, Akkari, Rabat, Maroc",1967-12-23,True,M,Engineer,2025-02-07 16:24:17
71,Zineb,Amrani,zineb.amrani@outlook.com,0792946039,"923, Rue 63, Ain Sebaa, Casablanca, Maroc",1963-09-20,True,F,Business Owner,2025-02-07 16:24:17
72,Nabil,Hajjami,nabil.hajjami@gmail.com,0759594840,"890, Rue 59, Amerchich, Marrakech, Maroc",1967-11-10,True,M,Architect,2025-02-07 16:24:17
73,Imane,El Moutawakkil,imane.elmoutawakkil@yahoo.fr,0794330897,"237, Rue 86, Ain Sebaa, Casablanca, Maroc",1977-03-27,True,F,Engineer,2025-02-07 16:24:17
74,Abderrahim,El Fassi,abderrahim.elfassi@gmail.com,0786763946,"693, Rue 36, Amerchich, Marrakech, Maroc",1965-12-06,True,M,Dentist,2025-02-07 16:24:17
75,Hamza,El Hajji,hamza.elhajji@yahoo.fr,0613702173,"18, Rue 62, Iberia, Tangier, Maroc",1988-12-16,True,M,Pharmacist,2025-02-07 16:24:17
76,Dounia,Lahlou,dounia.lahlou@hotmail.com,0725644290,"818, Rue 99, Medina, Fes, Maroc",1983-10-07,True,F,Consultant,2025-02-07 16:24:17
77,Nour,Benhaddou,nour.benhaddou@yahoo.fr,0669812366,"186, Rue 33, Atlas, Fes, Maroc",1966-05-29,True,F,Teacher,2025-02-07 16:24:17
78,Hanane,El Ouazzani,hanane.elouazzani@hotmail.com,0757674763,"615, Rue 76, Val Fleuri, Tangier, Maroc",1989-10-23,True,F,Professor,2025-02-07 16:24:17
79,Dounia,Amrani,dounia.amrani@hotmail.com,0659968214,"290, Rue 59, Derb Sultan, Casablanca, Maroc",1958-05-09,True,F,Engineer,2025-02-07 16:24:17
80,Driss,Ziani,driss.ziani@outlook.com,0749081347,"649, Rue 22, Hivernage, Marrakech, Maroc",2003-01-09,True,M,Pharmacist,2025-02-07 16:24:17
81,Ilham,Chraibi,ilham.chraibi@outlook.com,0714805669,"619, Rue 67, Ville Nouvelle, Fes, Maroc",1955-06-12,True,F,Civil Servant,2025-02-07 16:24:17
82,Mohammed,Bennis,mohammed.bennis@outlook.com,0794975840,"641, Rue 89, Massira, Marrakech, Maroc",1987-11-30,True,M,Accountant,2025-02-07 16:24:17
83,Younes,Bennani,younes.bennani@outlook.com,0645043216,"661, Rue 45, Youssoufia, Rabat, Maroc",1986-07-15,True,M,Lawyer,2025-02-07 16:24:17
84,Ahmed,Belghiti,ahmed.belghiti@outlook.com,0662599375,"847, Rue 21, Hivernage, Marrakech, Maroc",2002-07-04,True,M,Lawyer,2025-02-07 16:24:17
85,Youssef,El Yacoubi,youssef.elyacoubi@gmail.com,0753948028,"657, Rue 10, Iberia, Tangier, Maroc",1967-05-28,True,M,Engineer,2025-02-07 16:24:17
86,Khadija,Skalli,khadija.skalli@yahoo.fr,0727784437,"375, Rue 68, Ville Nouvelle, Fes, Maroc",1964-02-09,True,F,Pharmacist,2025-02-07 16:24:17
87,Chaima,Idrissi,chaima.idrissi@yahoo.fr,0669019341,"282, Rue 55, Ain Sebaa, Casablanca, Maroc",1976-08-16,True,F,Architect,2025-02-07 16:24:17
88,Ismail,Chaoui,ismail.chaoui@hotmail.com,0666761649,"469, Rue 99, Val Fleuri, Tangier, Maroc",1979-08-03,True,M,Bank Officer,2025-02-07 16:24:17
89,Anas,Alaoui,anas.alaoui@yahoo.fr,0729997712,"508, Rue 32, Marchane, Tangier, Maroc",1984-10-05,True,M,Accountant,2025-02-07 16:24:17
90,Younes,Skalli,younes.skalli@hotmail.com,0636917721,"839, Rue 96, Val Fleuri, Tangier, Maroc",2002-06-06,True,M,Doctor,2025-02-07 16:24:17
91,Leila,Tazi,leila.tazi@yahoo.fr,0654776350,"944, Rue 52, Amerchich, Marrakech, Maroc",1997-08-06,True,F,Doctor,2025-02-07 16:24:17
92,Fouad,El Khatib,fouad.elkhatib@yahoo.fr,0669880666,"954, Rue 43, Atlas, Fes, Maroc",1968-10-16,True,M,Dentist,2025-02-07 16:24:17
93,Chakib,El Gharbi,chakib.elgharbi@outlook.com,0743268205,"677, Rue 42, Boukhalef, Tangier, Maroc",1963-05-01,True,M,Doctor,2025-02-07 16:24:17
94,Soufiane,Tazi,soufiane.tazi453@outlook.com,0756741759,"64, Rue 49, Sidi Ghanem, Marrakech, Maroc",2003-03-03,True,M,Architect,2025-02-07 16:24:17
95,Racha,Benamour,racha.benamour@outlook.com,0647413726,"297, Rue 5, Medina, Marrakech, Maroc",1990-01-22,True,F,Teacher,2025-02-07 16:24:17
96,Hicham,Tazi,hicham.tazi@outlook.com,0652667963,"500, Rue 55, Ain Chock, Casablanca, Maroc",1975-01-15,True,M,Sales Manager,2025-02-07 16:24:17
97,Amal,Tahiri,amal.tahiri@yahoo.fr,0642532009,"79, Rue 77, Centre Ville, Tangier, Maroc",2005-07-09,True,F,Doctor,2025-02-07 16:24:17
98,Othmane,Hajjami,othmane.hajjami@hotmail.com,0624937778,"449, Rue 36, Hay Mohammadi, Casablanca, Maroc",1987-11-26,True,M,Bank Officer,2025-02-07 16:24:17
99,Nour,Skalli,nour.skalli@gmail.com,0777677032,"560, Rue 61, Hassan, Rabat, Maroc",1972-04-23,True,F,Business Owner,2025-02-07 16:24:17
100,Laila,El Khatib,laila.elkhatib@outlook.com,0630118727,"480, Rue 98, Saiss, Fes, Maroc",1998-04-08,True,F,Dentist,2025-02-07 16:24:17
101,Yassine,Amrani,yassine.amrani@gmail.com,0729843018,"761, Rue 46, Centre Ville, Tangier, Maroc",1995-09-16,True,M,Professor,2025-02-07 16:24:17
102,Soufiane,El Alami,soufiane.elalami@hotmail.com,0662485363,"457, Rue 36, 2 Mars, Casablanca, Maroc",1972-04-01,True,M,Doctor,2025-02-07 16:24:17
103,Fayçal,Bennani,fayçal.bennani@yahoo.fr,0636141656,"195, Rue 73, Hay Riad, Rabat, Maroc",1985-08-23,True,M,Pharmacist,2025-02-07 16:24:17
104,Chaima,Amrani,chaima.amrani@hotmail.com,0773928460,"777, Rue 32, Route Immouzer, Fes, Maroc",1957-05-12,True,F,Business Owner,2025-02-07 16:24:17
105,Khadija,El Mansouri,khadija.elmansouri@gmail.com,0734284093,"827, Rue 90, Les Orangers, Rabat, Maroc",1955-03-22,True,F,Doctor,2025-02-07 16:24:17
106,Dounia,Alaoui,dounia.alaoui@hotmail.com,0789898548,"482, Rue 23, Ben M'Sick, Casablanca, Maroc",1996-02-23,True,F,Bank Officer,2025-02-07 16:24:17
107,Anas,Benamour,anas.benamour@hotmail.com,0675174125,"283, Rue 33, Malabata, Tangier, Maroc",1978-03-10,True,M,Professor,2025-02-07 16:24:17
108,Said,El Gharbi,said.elgharbi@hotmail.com,0649312278,"985, Rue 36, Derb Sultan, Casablanca, Maroc",2002-03-16,True,M,Professor,2025-02-07 16:24:17
109,Hamza,Lahlou,hamza.lahlou@outlook.com,0667930259,"509, Rue 8, Iberia, Tangier, Maroc",1970-04-08,True,M,Civil Servant,2025-02-07 16:24:17
110,Fadoua,Skalli,fadoua.skalli@yahoo.fr,0676264710,"770, Rue 92, Route Immouzer, Fes, Maroc",1987-09-25,True,F,Consultant,2025-02-07 16:24:17
111,Mohsen,Ramdani,mohsen.ramdani@outlook.com,0766694993,"798, Rue 2, Amerchich, Marrakech, Maroc",1997-03-29,True,M,Accountant,2025-02-07 16:24:17
112,Marouane,El Baroudi,marouane.elbaroudi@outlook.com,0732459792,"339, Rue 16, Atlas, Fes, Maroc",2006-04-10,True,M,Dentist,2025-02-07 16:24:17
113,Asma,El Hamidi,asma.elhamidi@outlook.com,0725781392,"836, Rue 61, Les Orangers, Rabat, Maroc",1968-03-12,True,F,Lawyer,2025-02-07 16:24:17
114,Chaima,El Moutawakkil,chaima.elmoutawakkil@outlook.com,0678241019,"804, Rue 37, Akkari, Rabat, Maroc",1979-10-12,True,F,Lawyer,2025-02-07 16:24:17
115,Soumaya,El Khalfi,soumaya.elkhalfi@outlook.com,0684730023,"631, Rue 38, Marchane, Tangier, Maroc",2000-12-09,True,F,Sales Manager,2025-02-07 16:24:17
116,Mehdi,Benamour,mehdi.benamour@yahoo.fr,0692241605,"14, Rue 97, Ben M'Sick, Casablanca, Maroc",1996-05-18,True,M,Teacher,2025-02-07 16:24:17
117,Mehdi,El Mansouri,mehdi.elmansouri@gmail.com,0728485246,"551, Rue 49, Saiss, Fes, Maroc",1996-04-29,True,M,Accountant,2025-02-07 16:24:17
118,Ikram,Berrada,ikram.berrada@yahoo.fr,0719040767,"734, Rue 99, Hay Riad, Rabat, Maroc",2003-11-11,True,F,Professor,2025-02-07 16:24:17
119,Hind,Ziani,hind.ziani@hotmail.com,0746157127,"437, Rue 71, Atlas, Fes, Maroc",2005-07-22,True,F,IT Professional,2025-02-07 16:24:17
120,Abderrahim,Tazi,abderrahim.tazi@outlook.com,0728600159,"671, Rue 2, Boukhalef, Tangier, Maroc",1983-06-24,True,M,Accountant,2025-02-07 16:24:17
121,Nabil,El Fassi,nabil.elfassi@outlook.com,0786904966,"277, Rue 64, Sidi Ghanem, Marrakech, Maroc",2004-08-16,True,M,Professor,2025-02-07 16:24:17
122,Loubna,Chraibi,loubna.chraibi@outlook.com,0734594835,"65, Rue 31, Ben M'Sick, Casablanca, Maroc",1955-05-21,True,F,Pharmacist,2025-02-07 16:24:17
123,Mohsen,El Khalfi,mohsen.elkhalfi@yahoo.fr,0657951480,"817, Rue 46, Ville Nouvelle, Fes, Maroc",1963-01-07,True,M,IT Professional,2025-02-07 16:24:17
124,Racha,Fassi,racha.fassi@yahoo.fr,0620648909,"674, Rue 58, Derb Sultan, Casablanca, Maroc",2003-05-19,True,F,Pharmacist,2025-02-07 16:24:17
125,Laila,Benamour,laila.benamour@hotmail.com,0645502437,"260, Rue 4, Hay Riad, Rabat, Maroc",1955-11-19,True,F,Pharmacist,2025-02-07 16:24:17
126,Hicham,El Khalfi,hicham.elkhalfi@hotmail.com,0736455599,"631, Rue 40, Sidi Ghanem, Marrakech, Maroc",1988-01-05,True,M,IT Professional,2025-02-07 16:24:17
127,Younes,El Ouazzani,younes.elouazzani@outlook.com,0653348469,"878, Rue 29, Akkari, Rabat, Maroc",1955-08-31,True,M,Professor,2025-02-07 16:24:17
128,Dounia,Sebti,dounia.sebti@gmail.com,0651765766,"410, Rue 33, Les Orangers, Rabat, Maroc",1988-07-04,True,F,Teacher,2025-02-07 16:24:17
129,Hanane,El Yacoubi,hanane.elyacoubi@yahoo.fr,0755031814,"425, Rue 72, Malabata, Tangier, Maroc",1970-11-28,True,F,Civil Servant,2025-02-07 16:24:17
130,Abdelilah,Alaoui,abdelilah.alaoui@outlook.com,0680694029,"358, Rue 7, Atlas, Fes, Maroc",2000-11-24,True,M,Accountant,2025-02-07 16:24:17
131,Khalid,Bennis,khalid.bennis@outlook.com,0773185236,"918, Rue 87, Aviation, Rabat, Maroc",2002-10-06,True,M,Dentist,2025-02-07 16:24:17
132,Laila,Ramdani,laila.ramdani@hotmail.com,0647635733,"756, Rue 29, Ain Chock, Casablanca, Maroc",1970-11-09,True,F,Sales Manager,2025-02-07 16:24:17
133,Fadoua,Hajjami,fadoua.hajjami@outlook.com,0728871404,"780, Rue 98, Gauthier, Casablanca, Maroc",2000-03-02,True,F,IT Professional,2025-02-07 16:24:17
134,Ahmed,Hajjami,ahmed.hajjami@yahoo.fr,0663643181,"682, Rue 3, Saiss, Fes, Maroc",1966-08-12,True,M,IT Professional,2025-02-07 16:24:17
135,Yassine,Benchekroun,yassine.benchekroun@hotmail.com,0694620238,"650, Rue 93, Les Orangers, Rabat, Maroc",1967-12-06,True,M,Business Owner,2025-02-07 16:24:17
136,Tariq,El Khatib,tariq.elkhatib@hotmail.com,0688267305,"952, Rue 23, Boukhalef, Tangier, Maroc",2001-12-04,True,M,Lawyer,2025-02-07 16:24:17
137,Zineb,Chafik,zineb.chafik@yahoo.fr,0621471075,"105, Rue 60, Medina, Marrakech, Maroc",2000-09-28,True,F,Doctor,2025-02-07 16:24:17
138,Amina,Benhaddou,amina.benhaddou@outlook.com,0638987274,"662, Rue 41, Atlas, Fes, Maroc",2005-02-14,True,F,Professor,2025-02-07 16:24:17
139,Soukaina,Chraibi,soukaina.chraibi@outlook.com,0772684732,"219, Rue 59, Hay Riad, Rabat, Maroc",1976-01-23,True,F,Consultant,2025-02-07 16:24:17
140,Ibrahim,Berrada,ibrahim.berrada@yahoo.fr,0746961587,"32, Rue 96, Val Fleuri, Tangier, Maroc",1968-06-08,True,M,Business Owner,2025-02-07 16:24:17
141,Loubna,El Hamidi,loubna.elhamidi@gmail.com,0684745669,"726, Rue 18, Val Fleuri, Tangier, Maroc",1977-05-09,True,F,IT Professional,2025-02-07 16:24:17
142,Laila,Ouazzani,laila.ouazzani@gmail.com,0752715239,"60, Rue 16, Ain Sebaa, Casablanca, Maroc",1961-04-13,True,F,IT Professional,2025-02-07 16:24:17
143,Hayat,Bensouda,hayat.bensouda@hotmail.com,0685261023,"508, Rue 90, Centre Ville, Tangier, Maroc",1990-11-24,True,F,Bank Officer,2025-02-07 16:24:17
144,Sara,El Hamidi,sara.elhamidi@outlook.com,0662402166,"346, Rue 83, Atlas, Fes, Maroc",1982-02-10,True,F,Teacher,2025-02-07 16:24:17
145,Yassine,El Gharbi,yassine.elgharbi@yahoo.fr,0639800479,"554, Rue 46, Route Immouzer, Fes, Maroc",1983-08-18,True,M,Pharmacist,2025-02-07 16:24:17
146,Ibrahim,Kabbaj,ibrahim.kabbaj@outlook.com,0627080122,"204, Rue 28, Boukhalef, Tangier, Maroc",1966-08-12,True,M,Lawyer,2025-02-07 16:24:17
147,Mohsen,Kabbaj,mohsen.kabbaj@hotmail.com,0652206496,"746, Rue 100, Ain Sebaa, Casablanca, Maroc",1988-02-17,True,M,Architect,2025-02-07 16:24:17
148,Abdelhak,El Baroudi,abdelhak.elbaroudi@gmail.com,0642566079,"132, Rue 47, Route Immouzer, Fes, Maroc",1993-04-15,True,M,Doctor,2025-02-07 16:24:17
149,Jamila,Skalli,jamila.skalli@gmail.com,0796989628,"77, Rue 41, Sidi Ghanem, Marrakech, Maroc",1974-07-11,True,F,Teacher,2025-02-07 16:24:17
150,Soumaya,Belmokhtar,soumaya.belmokhtar@hotmail.com,0759628511,"574, Rue 49, Saiss, Fes, Maroc",2005-06-14,True,F,Lawyer,2025-02-07 16:24:17
151,Mohammed,El Ouazzani,mohammed.elouazzani@hotmail.com,0786382222,"86, Rue 65, Bourgogne, Casablanca, Maroc",2000-06-14,True,M,Dentist,2025-02-07 16:24:17
152,Mohsen,El Yacoubi,mohsen.elyacoubi@yahoo.fr,0695957781,"812, Rue 1, Hay Mohammadi, Casablanca, Maroc",1959-05-29,True,M,Bank Officer,2025-02-07 16:24:17
153,Ibrahim,El Ouazzani,ibrahim.elouazzani@gmail.com,0696324657,"329, Rue 42, Ain Sebaa, Casablanca, Maroc",1990-01-10,True,M,Business Owner,2025-02-07 16:24:17
154,Nour,Chafik,nour.chafik@yahoo.fr,0740714090,"885, Rue 99, Amerchich, Marrakech, Maroc",1984-05-16,True,F,Dentist,2025-02-07 16:24:17
155,Abdelhak,Tahiri,abdelhak.tahiri@gmail.com,0739971781,"681, Rue 13, Hay Riad, Rabat, Maroc",1966-05-05,True,M,Consultant,2025-02-07 16:24:17
156,Jamila,Alaoui,jamila.alaoui@outlook.com,0712007182,"119, Rue 60, Saiss, Fes, Maroc",1956-08-10,True,F,Pharmacist,2025-02-07 16:24:17
157,Ikram,Skalli,ikram.skalli@yahoo.fr,0632247949,"830, Rue 62, Youssoufia, Rabat, Maroc",2002-02-15,True,F,Pharmacist,2025-02-07 16:24:17
158,Mohsen,Benchekroun,mohsen.benchekroun@outlook.com,0721778459,"610, Rue 39, Gueliz, Marrakech, Maroc",1992-02-07,True,M,Business Owner,2025-02-07 16:24:17
159,Khadija,El Hamidi,khadija.elhamidi@outlook.com,0766486135,"365, Rue 81, Hivernage, Marrakech, Maroc",1990-11-20,True,F,Consultant,2025-02-07 16:24:17
160,Rachid,Benamour,rachid.benamour@hotmail.com,0663807663,"300, Rue 45, Saiss, Fes, Maroc",1979-11-08,True,M,Accountant,2025-02-07 16:24:17
161,Karima,Chafik,karima.chafik@outlook.com,0723987013,"522, Rue 11, Akkari, Rabat, Maroc",1996-04-13,True,F,Teacher,2025-02-07 16:24:17
162,Abdelhak,Tazi,abdelhak.tazi@outlook.com,0623470120,"390, Rue 12, Hay Mohammadi, Casablanca, Maroc",1961-08-22,True,M,Pharmacist,2025-02-07 16:24:17
163,Sara,El Baroudi,sara.elbaroudi@hotmail.com,0724341854,"868, Rue 27, Val Fleuri, Tangier, Maroc",1990-11-26,True,F,Lawyer,2025-02-07 16:24:17
164,Soukaina,Benhaddou,soukaina.benhaddou@gmail.com,0639914959,"768, Rue 28, Sidi Ghanem, Marrakech, Maroc",2005-11-23,True,F,Engineer,2025-02-07 16:24:17
165,Abdelhak,Chafik,abdelhak.chafik@hotmail.com,0691405346,"911, Rue 20, Marchane, Tangier, Maroc",1959-09-27,True,M,Accountant,2025-02-07 16:24:17
166,Nadia,El Ouazzani,nadia.elouazzani@hotmail.com,0612863629,"996, Rue 27, Hay Hassani, Casablanca, Maroc",1963-10-22,True,F,Sales Manager,2025-02-07 16:24:17
167,Walid,Tazi,walid.tazi@hotmail.com,0679392131,"143, Rue 9, Youssoufia, Rabat, Maroc",1986-04-28,True,M,Consultant,2025-02-07 16:24:17
168,Karim,El Fassi,karim.elfassi@gmail.com,0649197631,"422, Rue 2, Ville Nouvelle, Fes, Maroc",2006-02-27,True,M,Architect,2025-02-07 16:24:17
169,Houda,El Khalfi,houda.elkhalfi@yahoo.fr,0733699671,"546, Rue 92, Boukhalef, Tangier, Maroc",1986-12-18,True,F,Consultant,2025-02-07 16:24:17
170,Tarik,El Baroudi,tarik.elbaroudi@outlook.com,0695553226,"641, Rue 12, Targa, Marrakech, Maroc",1983-03-29,True,M,Sales Manager,2025-02-07 16:24:17
171,Soukaina,Tazi,soukaina.tazi@hotmail.com,0626870230,"615, Rue 89, Saiss, Fes, Maroc",1977-03-21,True,F,Engineer,2025-02-07 16:24:17
172,Driss,Benjelloun,driss.benjelloun@yahoo.fr,0660412804,"69, Rue 8, Maarif, Casablanca, Maroc",1965-11-20,True,M,Bank Officer,2025-02-07 16:24:17
173,Ibrahim,Kabbaj,ibrahim.kabbaj@yahoo.fr,0715444934,"748, Rue 68, Gauthier, Casablanca, Maroc",1981-04-16,True,M,Professor,2025-02-07 16:24:17
174,Rania,Sebti,rania.sebti@gmail.com,0666962612,"830, Rue 70, Malabata, Tangier, Maroc",2000-11-15,True,F,Consultant,2025-02-07 16:24:17
175,Othmane,Benchekroun,othmane.benchekroun@gmail.com,0679569535,"746, Rue 95, Saiss, Fes, Maroc",1972-01-23,True,M,Doctor,2025-02-07 16:24:17
176,Marouane,El Moutawakkil,marouane.elmoutawakkil@hotmail.com,0791153525,"778, Rue 56, Ville Nouvelle, Fes, Maroc",1984-07-18,True,M,Business Owner,2025-02-07 16:24:17
177,Adil,Alaoui,adil.alaoui@outlook.com,0652166530,"997, Rue 62, Sidi Ghanem, Marrakech, Maroc",1978-08-17,True,M,Engineer,2025-02-07 16:24:17
178,Karima,El Yousfi,karima.elyousfi@outlook.com,0640404233,"800, Rue 87, Boukhalef, Tangier, Maroc",1997-07-09,True,F,Consultant,2025-02-07 16:24:17
179,Chakib,Benhaddou,chakib.benhaddou@gmail.com,0752016561,"785, Rue 51, Agdal, Rabat, Maroc",1981-11-23,True,M,IT Professional,2025-02-07 16:24:17
180,Karima,Chafik,karima.chafik@hotmail.com,0693366844,"844, Rue 55, Iberia, Tangier, Maroc",1984-01-27,True,F,IT Professional,2025-02-07 16:24:17
181,Salma,El Yousfi,salma.elyousfi@gmail.com,0653574343,"664, Rue 92, Ben M'Sick, Casablanca, Maroc",1985-03-24,True,F,Professor,2025-02-07 16:24:17
182,Mohammed,Berrada,mohammed.berrada@gmail.com,0689637807,"363, Rue 50, Route Immouzer, Fes, Maroc",2005-09-13,True,M,Engineer,2025-02-07 16:24:17
183,Wafaa,El Kandoussi,wafaa.elkandoussi@outlook.com,0697547028,"161, Rue 52, Atlas, Fes, Maroc",1956-09-18,True,F,IT Professional,2025-02-07 16:24:17
184,Nour,El Yousfi,nour.elyousfi@gmail.com,0621393774,"253, Rue 47, Agdal, Rabat, Maroc",1988-11-30,True,F,Engineer,2025-02-07 16:24:17
185,Houda,Skalli,houda.skalli@gmail.com,0737335560,"21, Rue 14, Boukhalef, Tangier, Maroc",1982-10-22,True,F,Lawyer,2025-02-07 16:24:17
186,Ayoub,Hajjami,ayoub.hajjami@yahoo.fr,0794375474,"132, Rue 50, Malabata, Tangier, Maroc",1998-01-05,True,M,IT Professional,2025-02-07 16:24:17
187,Khadija,El Mansouri,khadija.elmansouri@outlook.com,0619313884,"774, Rue 33, Targa, Marrakech, Maroc",1969-04-26,True,F,Civil Servant,2025-02-07 16:24:17
188,Amina,Alaoui,amina.alaoui@yahoo.fr,0696347399,"219, Rue 67, Medina, Fes, Maroc",1961-05-18,True,F,IT Professional,2025-02-07 16:24:17
189,Ahmed,El Fassi,ahmed.elfassi@yahoo.fr,0666667064,"87, Rue 67, Massira, Marrakech, Maroc",1964-12-13,True,M,Pharmacist,2025-02-07 16:24:17
190,Ayoub,Chraibi,ayoub.chraibi@yahoo.fr,0640333694,"13, Rue 6, Massira, Marrakech, Maroc",1963-07-12,True,M,Sales Manager,2025-02-07 16:24:17
191,Asma,El Khayari,asma.elkhayari@hotmail.com,0791445384,"764, Rue 18, Boukhalef, Tangier, Maroc",1969-10-20,True,F,Consultant,2025-02-07 16:24:17
192,Said,El Alami,said.elalami@yahoo.fr,0753818214,"203, Rue 24, Centre Ville, Tangier, Maroc",1979-04-01,True,M,Dentist,2025-02-07 16:24:17
193,Salma,Hajjami,salma.hajjami@gmail.com,0714014524,"413, Rue 74, Val Fleuri, Tangier, Maroc",1969-04-04,True,F,Bank Officer,2025-02-07 16:24:17
194,Ikram,El Hamidi,ikram.elhamidi@yahoo.fr,0677525715,"517, Rue 11, Ville Nouvelle, Fes, Maroc",1996-02-08,True,F,Dentist,2025-02-07 16:24:17
195,Khalid,El Gharbi,khalid.elgharbi@yahoo.fr,0659283722,"675, Rue 38, Massira, Marrakech, Maroc",1977-07-05,True,M,Pharmacist,2025-02-07 16:24:17
196,Othmane,El Hassani,othmane.elhassani@outlook.com,0635672869,"539, Rue 40, Sidi Ghanem, Marrakech, Maroc",1958-08-16,True,M,Lawyer,2025-02-07 16:24:17
197,Mehdi,El Khatib,mehdi.elkhatib@outlook.com,0677662178,"501, Rue 32, Targa, Marrakech, Maroc",1962-10-03,True,M,Pharmacist,2025-02-07 16:24:17
198,Chakib,Fassi,chakib.fassi@outlook.com,0764722182,"957, Rue 49, Atlas, Fes, Maroc",1961-01-10,True,M,Dentist,2025-02-07 16:24:17
199,Maryam,Belmokhtar,maryam.belmokhtar@outlook.com,0647301974,"894, Rue 67, Ain Chock, Casablanca, Maroc",1996-05-01,True,F,Architect,2025-02-07 16:24:17
200,Fouad,Berrada,fouad.berrada@yahoo.fr,0746906785,"191, Rue 84, Hivernage, Marrakech, Maroc",1978-11-02,True,M,Bank Officer,2025-02-07 16:24:17
201,Adil,Benamour,adil.benamour@outlook.com,0682229634,"691, Rue 29, Centre Ville, Tangier, Maroc",1965-07-07,True,M,Architect,2025-02-07 16:24:17
202,Adil,Benamour,adil.benamour898@outlook.com,0711649051,"59, Rue 49, Targa, Marrakech, Maroc",1970-05-08,True,M,Accountant,2025-02-07 16:24:17
203,Youssef,Chraibi,youssef.chraibi@hotmail.com,0713198361,"888, Rue 100, Val Fleuri, Tangier, Maroc",2004-12-20,True,M,Accountant,2025-02-07 16:24:17
204,Zineb,Hajhouj,zineb.hajhouj@hotmail.com,0635953559,"722, Rue 72, Targa, Marrakech, Maroc",1988-01-15,True,F,Lawyer,2025-02-07 16:24:17
205,Naima,Bennani,naima.bennani@hotmail.com,0684278565,"184, Rue 55, Ben M'Sick, Casablanca, Maroc",1992-08-07,True,F,Business Owner,2025-02-07 16:24:17
206,Ikram,El Ouazzani,ikram.elouazzani@gmail.com,0787061384,"637, Rue 31, Sidi Ghanem, Marrakech, Maroc",1999-08-20,True,F,Dentist,2025-02-07 16:24:17
207,Ahmed,Kabbaj,ahmed.kabbaj@outlook.com,0687191508,"280, Rue 37, Les Orangers, Rabat, Maroc",1977-12-29,True,M,Lawyer,2025-02-07 16:24:17
208,Othmane,El Hamidi,othmane.elhamidi@hotmail.com,0696386765,"820, Rue 7, Medina, Marrakech, Maroc",1959-01-18,True,M,Professor,2025-02-07 16:24:17
209,Zakaria,El Mansouri,zakaria.elmansouri@gmail.com,0719798494,"977, Rue 29, Anfa, Casablanca, Maroc",1963-08-30,True,M,Consultant,2025-02-07 16:24:17
210,Oussama,El Gharbi,oussama.elgharbi@hotmail.com,0613960600,"499, Rue 96, Gueliz, Marrakech, Maroc",1956-07-07,True,M,Sales Manager,2025-02-07 16:24:17
211,Maryam,Tazi,maryam.tazi@outlook.com,0718985805,"878, Rue 9, Gueliz, Marrakech, Maroc",1958-08-04,True,F,Professor,2025-02-07 16:24:17
212,Zakaria,Ouazzani,zakaria.ouazzani@gmail.com,0715711609,"149, Rue 12, Boukhalef, Tangier, Maroc",1995-02-09,True,M,Dentist,2025-02-07 16:24:17
213,Brahim,Alaoui,brahim.alaoui@hotmail.com,0788710110,"875, Rue 16, Gueliz, Marrakech, Maroc",1962-10-22,True,M,Dentist,2025-02-07 16:24:17
214,Hind,Benjelloun,hind.benjelloun@hotmail.com,0634906187,"416, Rue 44, Ain Kadous, Fes, Maroc",1987-12-02,True,F,Engineer,2025-02-07 16:24:17
215,Amal,Chraibi,amal.chraibi@gmail.com,0648718577,"54, Rue 89, Medina, Fes, Maroc",1956-03-17,True,F,Architect,2025-02-07 16:24:17
216,Hassan,Bennis,hassan.bennis@yahoo.fr,0765496950,"539, Rue 65, Route Immouzer, Fes, Maroc",1987-11-18,True,M,Lawyer,2025-02-07 16:24:17
217,Badr,El Yacoubi,badr.elyacoubi@outlook.com,0691070091,"592, Rue 9, Youssoufia, Rabat, Maroc",1994-09-18,True,M,Business Owner,2025-02-07 16:24:17
218,Walid,Idrissi,walid.idrissi@outlook.com,0732440599,"742, Rue 100, 2 Mars, Casablanca, Maroc",1980-07-10,True,M,Pharmacist,2025-02-07 16:24:17
219,Mehdi,Ouazzani,mehdi.ouazzani@hotmail.com,0660152091,"415, Rue 65, Maarif, Casablanca, Maroc",1980-01-20,True,M,Professor,2025-02-07 16:24:17
220,Laila,El Ouazzani,laila.elouazzani@gmail.com,0731091238,"663, Rue 82, Route Immouzer, Fes, Maroc",1999-02-11,True,F,Professor,2025-02-07 16:24:17
221,Jamal,El Baroudi,jamal.elbaroudi@yahoo.fr,0718999495,"542, Rue 61, Medina, Marrakech, Maroc",1995-06-04,True,M,Bank Officer,2025-02-07 16:24:17
222,Nour,Chaoui,nour.chaoui@yahoo.fr,0745645149,"595, Rue 6, Les Orangers, Rabat, Maroc",1983-11-26,True,F,Lawyer,2025-02-07 16:24:17
223,Walid,Benamour,walid.benamour@yahoo.fr,0677414933,"241, Rue 46, Les Orangers, Rabat, Maroc",1978-05-11,True,M,Civil Servant,2025-02-07 16:24:17
224,Houda,Tahiri,houda.tahiri@yahoo.fr,0659300632,"969, Rue 77, Sidi Bernoussi, Casablanca, Maroc",1999-12-31,True,F,Civil Servant,2025-02-07 16:24:17
225,Khalid,El Yousfi,khalid.elyousfi@hotmail.com,0761718089,"732, Rue 86, Sidi Bernoussi, Casablanca, Maroc",1963-10-01,True,M,Lawyer,2025-02-07 16:24:17
226,Fadoua,Chaoui,fadoua.chaoui@outlook.com,0748646740,"959, Rue 2, Marchane, Tangier, Maroc",1957-12-01,True,F,IT Professional,2025-02-07 16:24:17
227,Anas,Hajhouj,anas.hajhouj@gmail.com,0792621482,"880, Rue 36, Ville Nouvelle, Fes, Maroc",2001-10-22,True,M,Business Owner,2025-02-07 16:24:17
228,Rania,El Yacoubi,rania.elyacoubi@yahoo.fr,0633717514,"68, Rue 1, Medina, Fes, Maroc",1991-02-04,True,F,IT Professional,2025-02-07 16:24:17
229,Omar,Amrani,omar.amrani@yahoo.fr,0753410373,"462, Rue 9, Ain Kadous, Fes, Maroc",1971-07-12,True,M,Bank Officer,2025-02-07 16:24:17
230,Sanaa,El Fassi,sanaa.elfassi@hotmail.com,0712024041,"753, Rue 89, Marchane, Tangier, Maroc",1961-08-05,True,F,Pharmacist,2025-02-07 16:24:17
231,Siham,Benchekroun,siham.benchekroun@outlook.com,0672789975,"820, Rue 12, Val Fleuri, Tangier, Maroc",1993-06-23,True,F,Professor,2025-02-07 16:24:17
232,Amina,Chaoui,amina.chaoui@hotmail.com,0777018323,"702, Rue 42, Les Orangers, Rabat, Maroc",1984-03-10,True,F,Accountant,2025-02-07 16:24:17
233,Ghita,El Hamidi,ghita.elhamidi@outlook.com,0614833546,"633, Rue 8, Sidi Ghanem, Marrakech, Maroc",1993-02-22,True,F,Civil Servant,2025-02-07 16:24:17
234,Zakaria,Skalli,zakaria.skalli@gmail.com,0649677709,"799, Rue 24, Sidi Ghanem, Marrakech, Maroc",1990-12-29,True,M,Professor,2025-02-07 16:24:17
235,Fayçal,Fassi,fayçal.fassi@yahoo.fr,0781976169,"559, Rue 15, Targa, Marrakech, Maroc",2004-05-03,True,M,Sales Manager,2025-02-07 16:24:17
236,Hayat,Benjelloun,hayat.benjelloun@yahoo.fr,0726344673,"755, Rue 16, Hay Riad, Rabat, Maroc",1968-12-27,True,F,Professor,2025-02-07 16:24:17
237,Yassine,Chraibi,yassine.chraibi@yahoo.fr,0766486967,"983, Rue 25, Gauthier, Casablanca, Maroc",1964-12-09,True,M,Consultant,2025-02-07 16:24:17
238,Ayoub,Ramdani,ayoub.ramdani@yahoo.fr,0711656126,"827, Rue 62, Saiss, Fes, Maroc",1976-04-05,True,M,Civil Servant,2025-02-07 16:24:17
239,Ikram,Bennani,ikram.bennani@hotmail.com,0756012448,"411, Rue 10, Agdal, Rabat, Maroc",1980-12-21,True,F,Accountant,2025-02-07 16:24:17
240,Chaima,Tahiri,chaima.tahiri@hotmail.com,0618654534,"203, Rue 5, Saiss, Fes, Maroc",2007-01-06,True,F,IT Professional,2025-02-07 16:24:17
241,Adil,Benamour,adil.benamour@yahoo.fr,0750395636,"552, Rue 4, Ain Kadous, Fes, Maroc",1972-06-16,True,M,Teacher,2025-02-07 16:24:17
242,Hind,Bennani,hind.bennani@yahoo.fr,0785788394,"756, Rue 3, Centre Ville, Tangier, Maroc",2001-01-15,True,F,Pharmacist,2025-02-07 16:24:17
243,Ibtissam,El Alami,ibtissam.elalami@gmail.com,0662156497,"186, Rue 93, Hay Riad, Rabat, Maroc",1976-08-25,True,F,Engineer,2025-02-07 16:24:17
244,Soufiane,El Mansouri,soufiane.elmansouri@gmail.com,0625308996,"226, Rue 1, Medina, Marrakech, Maroc",2000-01-04,True,M,Accountant,2025-02-07 16:24:17
245,Dounia,Bennis,dounia.bennis@outlook.com,0663403424,"313, Rue 64, Gueliz, Marrakech, Maroc",1980-02-22,True,F,Bank Officer,2025-02-07 16:24:17
246,Ghita,Kabbaj,ghita.kabbaj@outlook.com,0798531291,"737, Rue 99, Medina, Marrakech, Maroc",1961-12-16,True,F,Lawyer,2025-02-07 16:24:17
247,Chakib,Benjelloun,chakib.benjelloun@hotmail.com,0733244389,"934, Rue 76, Route Immouzer, Fes, Maroc",1982-11-15,True,M,Bank Officer,2025-02-07 16:24:17
248,Rim,El Ouazzani,rim.elouazzani@hotmail.com,0764333353,"964, Rue 4, Les Orangers, Rabat, Maroc",1994-01-21,True,F,Dentist,2025-02-07 16:24:17
249,Ibrahim,Benchekroun,ibrahim.benchekroun@gmail.com,0629091387,"201, Rue 55, Centre Ville, Tangier, Maroc",1991-01-30,True,M,Consultant,2025-02-07 16:24:17
250,Abdelhak,Hajjami,abdelhak.hajjami@outlook.com,0712694398,"518, Rue 2, Ain Sebaa, Casablanca, Maroc",1955-03-01,True,M,Consultant,2025-02-07 16:24:17
251,Fadoua,Alaoui,fadoua.alaoui@hotmail.com,0724336334,"535, Rue 86, Hay Hassani, Casablanca, Maroc",1990-12-09,True,F,Dentist,2025-02-07 16:24:17
252,Badr,Berrada,badr.berrada@hotmail.com,0773704866,"389, Rue 73, Boukhalef, Tangier, Maroc",1958-04-17,True,M,Consultant,2025-02-07 16:24:17
253,Ayoub,Lahlou,ayoub.lahlou@yahoo.fr,0614718310,"426, Rue 97, Gueliz, Marrakech, Maroc",1960-01-27,True,M,Civil Servant,2025-02-07 16:24:17
254,Soufiane,Benhaddou,soufiane.benhaddou@hotmail.com,0740182544,"303, Rue 20, Hivernage, Marrakech, Maroc",1983-05-28,True,M,Civil Servant,2025-02-07 16:24:17
255,Imane,El Khatib,imane.elkhatib@hotmail.com,0749573288,"331, Rue 1, Saiss, Fes, Maroc",1959-02-05,True,F,Teacher,2025-02-07 16:24:17
256,Mohammed,Belmokhtar,mohammed.belmokhtar@gmail.com,0799194655,"986, Rue 28, Hassan, Rabat, Maroc",1990-06-07,True,M,Bank Officer,2025-02-07 16:24:17
257,Rachid,Benjelloun,rachid.benjelloun@yahoo.fr,0624129438,"74, Rue 39, Atlas, Fes, Maroc",1971-08-26,True,M,Lawyer,2025-02-07 16:24:17
258,Mohammed,Skalli,mohammed.skalli@yahoo.fr,0798679683,"819, Rue 31, Medina, Fes, Maroc",1965-07-15,True,M,Civil Servant,2025-02-07 16:24:17
259,Manal,Ouazzani,manal.ouazzani@gmail.com,0680831564,"919, Rue 67, Val Fleuri, Tangier, Maroc",1983-09-01,True,F,Architect,2025-02-07 16:24:17
260,Ghita,El Hajji,ghita.elhajji@gmail.com,0666412555,"656, Rue 55, Agdal, Rabat, Maroc",1990-03-02,True,F,Pharmacist,2025-02-07 16:24:17
261,Fayçal,El Gharbi,fayçal.elgharbi@yahoo.fr,0667731060,"528, Rue 89, Massira, Marrakech, Maroc",1975-06-17,True,M,Architect,2025-02-07 16:24:17
262,Rania,Bennis,rania.bennis@gmail.com,0755027969,"655, Rue 60, Akkari, Rabat, Maroc",1985-08-30,True,F,Teacher,2025-02-07 16:24:17
263,Jamila,El Baroudi,jamila.elbaroudi@yahoo.fr,0661427886,"6, Rue 72, Amerchich, Marrakech, Maroc",1974-06-08,True,F,Sales Manager,2025-02-07 16:24:17
264,Hicham,El Yousfi,hicham.elyousfi@gmail.com,0748234791,"56, Rue 92, Val Fleuri, Tangier, Maroc",1987-06-04,True,M,Bank Officer,2025-02-07 16:24:17
265,Hicham,El Bouzidi,hicham.elbouzidi@gmail.com,0728298830,"298, Rue 57, Medina, Fes, Maroc",2006-12-01,True,M,Dentist,2025-02-07 16:24:17
266,Ahmed,El Alami,ahmed.elalami@hotmail.com,0728426598,"551, Rue 74, Saiss, Fes, Maroc",2001-05-24,True,M,Bank Officer,2025-02-07 16:24:17
267,Mohsen,El Hajji,mohsen.elhajji@gmail.com,0782701355,"828, Rue 94, Ain Kadous, Fes, Maroc",1967-10-18,True,M,Consultant,2025-02-07 16:24:17
268,Youssef,El Alami,youssef.elalami@outlook.com,0694473866,"737, Rue 24, Ville Nouvelle, Fes, Maroc",1978-07-21,True,M,IT Professional,2025-02-07 16:24:17
269,Houda,El Yacoubi,houda.elyacoubi@yahoo.fr,0775410520,"628, Rue 41, Ville Nouvelle, Fes, Maroc",1965-09-18,True,F,Professor,2025-02-07 16:24:17
270,Tariq,El Bouzidi,tariq.elbouzidi@gmail.com,0690873454,"103, Rue 38, Anfa, Casablanca, Maroc",1968-07-05,True,M,Engineer,2025-02-07 16:24:17
271,Mohsen,El Khayari,mohsen.elkhayari@yahoo.fr,0693653497,"210, Rue 38, Gueliz, Marrakech, Maroc",1977-05-24,True,M,Pharmacist,2025-02-07 16:24:17
272,Asma,Hajhouj,asma.hajhouj@hotmail.com,0770388418,"587, Rue 22, Akkari, Rabat, Maroc",2004-03-29,True,F,Accountant,2025-02-07 16:24:17
273,Loubna,El Hamidi,loubna.elhamidi@yahoo.fr,0763257478,"3, Rue 30, Val Fleuri, Tangier, Maroc",2005-09-22,True,F,Doctor,2025-02-07 16:24:17
274,Ghita,Lahlou,ghita.lahlou@hotmail.com,0661116011,"430, Rue 41, Les Orangers, Rabat, Maroc",2002-06-28,True,F,Dentist,2025-02-07 16:24:17
275,Mehdi,Benamour,mehdi.benamour@outlook.com,0619660637,"692, Rue 61, Hivernage, Marrakech, Maroc",1986-01-03,True,M,Business Owner,2025-02-07 16:24:17
276,Badr,El Hassani,badr.elhassani@yahoo.fr,0792982251,"695, Rue 9, Sidi Ghanem, Marrakech, Maroc",1996-02-13,True,M,IT Professional,2025-02-07 16:24:17
277,Fouad,Alaoui,fouad.alaoui@gmail.com,0668579472,"909, Rue 68, Ain Kadous, Fes, Maroc",1973-09-08,True,M,Bank Officer,2025-02-07 16:24:17
278,Abdelhak,El Kandoussi,abdelhak.elkandoussi@yahoo.fr,0683297127,"393, Rue 5, Hay Riad, Rabat, Maroc",1991-05-06,True,M,Professor,2025-02-07 16:24:17
279,Maryam,Ramdani,maryam.ramdani@yahoo.fr,0671841073,"647, Rue 8, Hay Riad, Rabat, Maroc",1971-08-24,True,F,Engineer,2025-02-07 16:24:17
280,Fadoua,El Moutawakkil,fadoua.elmoutawakkil@gmail.com,0734659411,"321, Rue 73, Boukhalef, Tangier, Maroc",2001-10-18,True,F,Business Owner,2025-02-07 16:24:17
281,Ikram,El Khatib,ikram.elkhatib@hotmail.com,0717068329,"599, Rue 29, Boukhalef, Tangier, Maroc",1993-05-25,True,F,Consultant,2025-02-07 16:24:17
282,Mohammed,El Fassi,mohammed.elfassi@hotmail.com,0720669901,"4, Rue 89, Route Immouzer, Fes, Maroc",1990-04-23,True,M,Lawyer,2025-02-07 16:24:17
283,Amina,Bennis,amina.bennis@outlook.com,0772819138,"964, Rue 26, Ben M'Sick, Casablanca, Maroc",1999-03-17,True,F,Dentist,2025-02-07 16:24:17
284,Walid,Ouazzani,walid.ouazzani@gmail.com,0654307795,"627, Rue 69, Marchane, Tangier, Maroc",1991-06-02,True,M,Dentist,2025-02-07 16:24:17
285,Soufiane,Bensouda,soufiane.bensouda@outlook.com,0728820144,"246, Rue 94, Saiss, Fes, Maroc",1978-08-12,True,M,Doctor,2025-02-07 16:24:17
286,Fouad,El Bouzidi,fouad.elbouzidi@gmail.com,0615582067,"957, Rue 52, Amerchich, Marrakech, Maroc",1980-12-05,True,M,Architect,2025-02-07 16:24:17
287,Ali,El Khayari,ali.elkhayari@yahoo.fr,0771841611,"934, Rue 89, Iberia, Tangier, Maroc",1955-04-08,True,M,Doctor,2025-02-07 16:24:17
288,Mohammed,Sebti,mohammed.sebti@yahoo.fr,0721777906,"478, Rue 7, Ain Sebaa, Casablanca, Maroc",2003-12-04,True,M,Architect,2025-02-07 16:24:17
289,Laila,El Yacoubi,laila.elyacoubi@outlook.com,0769137856,"389, Rue 25, Ain Chock, Casablanca, Maroc",1997-12-16,True,F,Dentist,2025-02-07 16:24:17
290,Dounia,Fassi,dounia.fassi@hotmail.com,0773213119,"4, Rue 3, Aviation, Rabat, Maroc",1975-10-24,True,F,Engineer,2025-02-07 16:24:17
291,Hind,Chraibi,hind.chraibi@yahoo.fr,0657130612,"796, Rue 10, Hassan, Rabat, Maroc",1997-02-18,True,F,Accountant,2025-02-07 16:24:17
292,Walid,El Mansouri,walid.elmansouri@outlook.com,0793229497,"694, Rue 4, Malabata, Tangier, Maroc",1994-04-12,True,M,Accountant,2025-02-07 16:24:17
293,Soufiane,El Alami,soufiane.elalami749@hotmail.com,0716365937,"901, Rue 39, Medina, Marrakech, Maroc",1986-07-07,True,M,Business Owner,2025-02-07 16:24:17
294,Houda,Benjelloun,houda.benjelloun@hotmail.com,0775328244,"166, Rue 15, Malabata, Tangier, Maroc",1974-09-20,True,F,Bank Officer,2025-02-07 16:24:17
295,Imane,Fassi,imane.fassi@yahoo.fr,0683743138,"443, Rue 76, 2 Mars, Casablanca, Maroc",1982-01-06,True,F,Civil Servant,2025-02-07 16:24:17
296,Abdelhak,El Alami,abdelhak.elalami@yahoo.fr,0731898431,"218, Rue 93, Les Orangers, Rabat, Maroc",2005-04-04,True,M,Lawyer,2025-02-07 16:24:17
297,Ilham,El Hassani,ilham.elhassani@gmail.com,0656175648,"86, Rue 62, Targa, Marrakech, Maroc",1980-11-16,True,F,Consultant,2025-02-07 16:24:17
298,Sanaa,Chafik,sanaa.chafik@yahoo.fr,0653955904,"284, Rue 52, Hay Riad, Rabat, Maroc",1964-01-01,True,F,Sales Manager,2025-02-07 16:24:17
299,Ismail,El Hajji,ismail.elhajji@outlook.com,0678628493,"221, Rue 70, Akkari, Rabat, Maroc",1992-07-10,True,M,Architect,2025-02-07 16:24:17
300,Chakib,El Kandoussi,chakib.elkandoussi@gmail.com,0680267016,"111, Rue 27, Massira, Marrakech, Maroc",2005-05-16,True,M,Professor,2025-02-07 16:24:17
301,Laila,El Mansouri,laila.elmansouri39@outlook.com,0630613766,"348, Rue 97, Agdal, Rabat, Maroc",1990-03-06,True,F,Sales Manager,2025-02-07 16:24:17
302,Hicham,El Ouazzani,hicham.elouazzani@gmail.com,0663207904,"86, Rue 24, Targa, Marrakech, Maroc",1994-03-20,True,M,Sales Manager,2025-02-07 16:24:17
303,Soumaya,Lahlou,soumaya.lahlou@hotmail.com,0688855421,"542, Rue 63, Val Fleuri, Tangier, Maroc",2000-02-09,True,F,Sales Manager,2025-02-07 16:24:17
304,Karima,Hajjami,karima.hajjami@yahoo.fr,0733853509,"684, Rue 98, Iberia, Tangier, Maroc",1996-05-01,True,F,Doctor,2025-02-07 16:24:17
305,Ibrahim,El Khalfi,ibrahim.elkhalfi@yahoo.fr,0756948186,"899, Rue 64, Hay Mohammadi, Casablanca, Maroc",1980-05-20,True,M,IT Professional,2025-02-07 16:24:17
306,Zineb,El Baroudi,zineb.elbaroudi@outlook.com,0759552815,"404, Rue 59, Ain Chock, Casablanca, Maroc",2002-01-19,True,F,Sales Manager,2025-02-07 16:24:17
307,Nour,Berrada,nour.berrada@gmail.com,0663863862,"535, Rue 43, Anfa, Casablanca, Maroc",1972-07-28,True,F,Sales Manager,2025-02-07 16:24:17
308,Hajar,El Hamidi,hajar.elhamidi@hotmail.com,0798936113,"439, Rue 62, Amerchich, Marrakech, Maroc",1984-11-07,True,F,Engineer,2025-02-07 16:24:17
309,Oussama,Belghiti,oussama.belghiti@hotmail.com,0682168261,"264, Rue 61, Centre Ville, Tangier, Maroc",1996-09-17,True,M,Architect,2025-02-07 16:24:17
310,Soumaya,El Khayari,soumaya.elkhayari@yahoo.fr,0667475386,"483, Rue 8, Aviation, Rabat, Maroc",1962-04-04,True,F,Business Owner,2025-02-07 16:24:17
311,Adil,Tahiri,adil.tahiri@gmail.com,0633072145,"685, Rue 83, Les Orangers, Rabat, Maroc",1971-06-02,True,M,Teacher,2025-02-07 16:24:17
312,Ibtissam,Kabbaj,ibtissam.kabbaj@gmail.com,0744024713,"820, Rue 85, 2 Mars, Casablanca, Maroc",1976-06-21,True,F,Pharmacist,2025-02-07 16:24:17
313,Nour,Hajhouj,nour.hajhouj@gmail.com,0675910555,"567, Rue 88, Anfa, Casablanca, Maroc",1975-05-29,True,F,Engineer,2025-02-07 16:24:17
314,Fouad,El Alami,fouad.elalami@yahoo.fr,0697720650,"600, Rue 98, Iberia, Tangier, Maroc",1994-09-22,True,M,Civil Servant,2025-02-07 16:24:17
315,Youssef,El Hamidi,youssef.elhamidi@outlook.com,0615541044,"23, Rue 94, Iberia, Tangier, Maroc",1960-11-29,True,M,Lawyer,2025-02-07 16:24:17
316,Dounia,Ouazzani,dounia.ouazzani@gmail.com,0783044104,"570, Rue 19, Boukhalef, Tangier, Maroc",1999-07-31,True,F,Architect,2025-02-07 16:24:17
317,Meryem,El Baroudi,meryem.elbaroudi899@hotmail.com,0628481043,"835, Rue 33, Akkari, Rabat, Maroc",1957-01-15,True,F,Lawyer,2025-02-07 16:24:17
318,Rim,El Hassani,rim.elhassani@outlook.com,0699756106,"822, Rue 63, Iberia, Tangier, Maroc",1981-04-05,True,F,Bank Officer,2025-02-07 16:24:17
319,Hassan,Bensouda,hassan.bensouda@gmail.com,0720594318,"376, Rue 26, Route Immouzer, Fes, Maroc",1989-09-14,True,M,Teacher,2025-02-07 16:24:17
320,Anas,Benjelloun,anas.benjelloun@hotmail.com,0787975744,"881, Rue 50, Iberia, Tangier, Maroc",1977-06-25,True,M,Professor,2025-02-07 16:24:17
321,Soukaina,El Gharbi,soukaina.elgharbi@hotmail.com,0616906788,"877, Rue 22, Medina, Marrakech, Maroc",1989-06-11,True,F,Lawyer,2025-02-07 16:24:17
322,Laila,Hajhouj,laila.hajhouj@hotmail.com,0650278906,"575, Rue 6, Atlas, Fes, Maroc",1963-12-05,True,F,Lawyer,2025-02-07 16:24:17
323,Hicham,Fassi,hicham.fassi@gmail.com,0677970119,"968, Rue 72, Gauthier, Casablanca, Maroc",1970-08-24,True,M,Teacher,2025-02-07 16:24:17
324,Leila,El Hamidi,leila.elhamidi@hotmail.com,0728168772,"858, Rue 98, Les Orangers, Rabat, Maroc",1993-11-02,True,F,Pharmacist,2025-02-07 16:24:17
325,Ghita,El Alami,ghita.elalami@outlook.com,0790844006,"855, Rue 70, Medina, Marrakech, Maroc",1995-10-13,True,F,Architect,2025-02-07 16:24:17
326,Hassan,El Yacoubi,hassan.elyacoubi@yahoo.fr,0757705932,"379, Rue 40, Medina, Fes, Maroc",1970-10-30,True,M,Lawyer,2025-02-07 16:24:17
327,Tariq,Benhaddou,tariq.benhaddou@gmail.com,0715216016,"681, Rue 90, Massira, Marrakech, Maroc",1960-03-04,True,M,Architect,2025-02-07 16:24:17
328,Oussama,Tahiri,oussama.tahiri@yahoo.fr,0653264398,"877, Rue 78, Centre Ville, Tangier, Maroc",1959-03-17,True,M,Civil Servant,2025-02-07 16:24:17
329,Meryem,Tahiri,meryem.tahiri@outlook.com,0642749855,"717, Rue 8, Massira, Marrakech, Maroc",1976-10-25,True,F,Engineer,2025-02-07 16:24:17
330,Ibrahim,Benamour,ibrahim.benamour@hotmail.com,0787194021,"495, Rue 93, Ain Chock, Casablanca, Maroc",1986-08-26,True,M,Accountant,2025-02-07 16:24:17
331,Omar,El Hamidi,omar.elhamidi@hotmail.com,0649877533,"614, Rue 75, Gauthier, Casablanca, Maroc",1989-08-17,True,M,Dentist,2025-02-07 16:24:17
332,Walid,Sebti,walid.sebti@gmail.com,0645124198,"607, Rue 70, Iberia, Tangier, Maroc",1995-05-16,True,M,Bank Officer,2025-02-07 16:24:17
333,Hassan,Chafik,hassan.chafik@gmail.com,0773362329,"330, Rue 55, Ben M'Sick, Casablanca, Maroc",1959-02-18,True,M,Business Owner,2025-02-07 16:24:17
334,Fadoua,Fassi,fadoua.fassi@yahoo.fr,0613668208,"738, Rue 4, Massira, Marrakech, Maroc",1961-02-06,True,F,Bank Officer,2025-02-07 16:24:17
335,Sara,El Mansouri,sara.elmansouri@gmail.com,0779696118,"936, Rue 96, Sidi Bernoussi, Casablanca, Maroc",2005-01-04,True,F,Teacher,2025-02-07 16:24:17
336,Younes,Idrissi,younes.idrissi@outlook.com,0722836049,"275, Rue 39, Hivernage, Marrakech, Maroc",1966-04-22,True,M,Sales Manager,2025-02-07 16:24:17
337,Racha,Sebti,racha.sebti@yahoo.fr,0644020986,"899, Rue 75, Medina, Fes, Maroc",1967-08-24,True,F,Bank Officer,2025-02-07 16:24:17
338,Ahmed,El Khayari,ahmed.elkhayari@gmail.com,0796541315,"989, Rue 3, Derb Sultan, Casablanca, Maroc",1959-09-01,True,M,Accountant,2025-02-07 16:24:17
339,Hayat,Hajjami,hayat.hajjami@yahoo.fr,0651272441,"810, Rue 5, Route Immouzer, Fes, Maroc",1998-05-04,True,F,Teacher,2025-02-07 16:24:17
340,Khalid,Benchekroun,khalid.benchekroun@gmail.com,0743763102,"19, Rue 36, Boukhalef, Tangier, Maroc",1998-01-05,True,M,Consultant,2025-02-07 16:24:17
341,Nadia,Hajhouj,nadia.hajhouj@outlook.com,0764275989,"884, Rue 70, Ain Chock, Casablanca, Maroc",1977-06-08,True,F,Architect,2025-02-07 16:24:17
342,Mohammed,El Ouazzani,mohammed.elouazzani@yahoo.fr,0760932788,"583, Rue 67, Hay Hassani, Casablanca, Maroc",1991-05-19,True,M,Architect,2025-02-07 16:24:17
343,Mustafa,El Baroudi,mustafa.elbaroudi@yahoo.fr,0760526613,"403, Rue 96, Youssoufia, Rabat, Maroc",1958-02-09,True,M,IT Professional,2025-02-07 16:24:17
344,Abdelaziz,Bensouda,abdelaziz.bensouda@hotmail.com,0683024367,"961, Rue 20, Val Fleuri, Tangier, Maroc",1974-07-05,True,M,Pharmacist,2025-02-07 16:24:17
345,Mohammed,El Hamidi,mohammed.elhamidi@gmail.com,0634744811,"337, Rue 19, Iberia, Tangier, Maroc",2000-09-16,True,M,Lawyer,2025-02-07 16:24:17
346,Ibrahim,Bensouda,ibrahim.bensouda@outlook.com,0765125006,"982, Rue 58, Ain Kadous, Fes, Maroc",1984-03-30,True,M,Pharmacist,2025-02-07 16:24:17
347,Badr,Alaoui,badr.alaoui@hotmail.com,0762365567,"478, Rue 52, Hay Riad, Rabat, Maroc",1997-03-05,True,M,Architect,2025-02-07 16:24:17
348,Ismail,El Ouazzani,ismail.elouazzani@hotmail.com,0644269814,"248, Rue 11, Gueliz, Marrakech, Maroc",1991-12-05,True,M,Pharmacist,2025-02-07 16:24:17
349,Karim,Berrada,karim.berrada@yahoo.fr,0669120925,"853, Rue 73, Ain Chock, Casablanca, Maroc",2006-03-08,True,M,Accountant,2025-02-07 16:24:17
350,Loubna,Bennani,loubna.bennani@yahoo.fr,0776926861,"960, Rue 81, Les Orangers, Rabat, Maroc",1976-08-17,True,F,Business Owner,2025-02-07 16:24:17
351,Nabil,Belghiti,nabil.belghiti@yahoo.fr,0738428761,"413, Rue 80, Medina, Marrakech, Maroc",1976-10-07,True,M,Teacher,2025-02-07 16:24:17
352,Asma,Sebti,asma.sebti@outlook.com,0623741844,"896, Rue 7, Boukhalef, Tangier, Maroc",1977-08-26,True,F,Sales Manager,2025-02-07 16:24:17
353,Rim,Idrissi,rim.idrissi@outlook.com,0790299150,"428, Rue 40, Les Orangers, Rabat, Maroc",1992-02-02,True,F,Pharmacist,2025-02-07 16:24:17
354,Anas,El Mansouri,anas.elmansouri@outlook.com,0648975591,"696, Rue 63, Route Immouzer, Fes, Maroc",1963-06-14,True,M,Architect,2025-02-07 16:24:17
355,Hayat,Benhaddou,hayat.benhaddou@gmail.com,0789096030,"745, Rue 55, Hivernage, Marrakech, Maroc",1994-10-16,True,F,Engineer,2025-02-07 16:24:17
356,Mohammed,El Moutawakkil,mohammed.elmoutawakkil@gmail.com,0613059934,"255, Rue 28, Route Immouzer, Fes, Maroc",1977-09-07,True,M,Teacher,2025-02-07 16:24:17
357,Hassan,El Fassi,hassan.elfassi@gmail.com,0733785996,"44, Rue 50, Medina, Fes, Maroc",1991-10-09,True,M,Professor,2025-02-07 16:24:17
358,Imane,Fassi,imane.fassi@hotmail.com,0728418519,"536, Rue 44, Medina, Marrakech, Maroc",1983-02-22,True,F,Civil Servant,2025-02-07 16:24:17
359,Bouchra,Alaoui,bouchra.alaoui@hotmail.com,0695555095,"476, Rue 70, Atlas, Fes, Maroc",1974-12-17,True,F,Pharmacist,2025-02-07 16:24:17
360,Nisrine,Ramdani,nisrine.ramdani@hotmail.com,0799510849,"747, Rue 4, Akkari, Rabat, Maroc",1995-01-05,True,F,Dentist,2025-02-07 16:24:17
361,Ahmed,El Khatib,ahmed.elkhatib@gmail.com,0674476906,"315, Rue 77, Ain Sebaa, Casablanca, Maroc",1983-12-11,True,M,Business Owner,2025-02-07 16:24:17
362,Khadija,Belghiti,khadija.belghiti@gmail.com,0728955890,"548, Rue 46, Targa, Marrakech, Maroc",1982-12-18,True,F,Bank Officer,2025-02-07 16:24:17
363,Rania,Tazi,rania.tazi@hotmail.com,0718355976,"818, Rue 49, Hay Mohammadi, Casablanca, Maroc",1972-06-15,True,F,Dentist,2025-02-07 16:24:17
364,Ismail,Benjelloun,ismail.benjelloun@yahoo.fr,0656030911,"974, Rue 48, Sidi Bernoussi, Casablanca, Maroc",1961-11-30,True,M,Engineer,2025-02-07 16:24:17
365,Walid,Ouazzani,walid.ouazzani586@gmail.com,0751970180,"174, Rue 40, Iberia, Tangier, Maroc",1970-08-12,True,M,Sales Manager,2025-02-07 16:24:17
366,Zakaria,Benamour,zakaria.benamour@yahoo.fr,0623808938,"820, Rue 69, Boukhalef, Tangier, Maroc",1994-11-24,True,M,Civil Servant,2025-02-07 16:24:17
367,Karim,El Yacoubi,karim.elyacoubi@hotmail.com,0623883545,"562, Rue 10, Hay Hassani, Casablanca, Maroc",1977-03-25,True,M,Architect,2025-02-07 16:24:17
368,Rania,El Mansouri,rania.elmansouri@gmail.com,0711035052,"879, Rue 58, Targa, Marrakech, Maroc",1986-08-31,True,F,Dentist,2025-02-07 16:24:17
369,Siham,El Gharbi,siham.elgharbi@yahoo.fr,0753467112,"198, Rue 47, Amerchich, Marrakech, Maroc",2000-11-14,True,F,Business Owner,2025-02-07 16:24:17
370,Jamila,El Khayari,jamila.elkhayari@hotmail.com,0744917393,"838, Rue 69, Ville Nouvelle, Fes, Maroc",2006-06-04,True,F,Sales Manager,2025-02-07 16:24:17
371,Ibrahim,El Baroudi,ibrahim.elbaroudi@gmail.com,0714735202,"42, Rue 35, Centre Ville, Tangier, Maroc",1997-10-08,True,M,Engineer,2025-02-07 16:24:17
372,Othmane,Bennis,othmane.bennis@outlook.com,0724182015,"980, Rue 32, Ain Kadous, Fes, Maroc",1958-05-08,True,M,Business Owner,2025-02-07 16:24:17
373,Ibtissam,El Ouazzani,ibtissam.elouazzani@outlook.com,0655979474,"680, Rue 78, Val Fleuri, Tangier, Maroc",1974-12-14,True,F,Architect,2025-02-07 16:24:17
374,Rania,El Yacoubi,rania.elyacoubi@hotmail.com,0625916598,"649, Rue 93, Route Immouzer, Fes, Maroc",1976-07-27,True,F,Teacher,2025-02-07 16:24:17
375,Fadoua,Alaoui,fadoua.alaoui@outlook.com,0757609662,"508, Rue 33, Medina, Marrakech, Maroc",1997-04-16,True,F,Consultant,2025-02-07 16:24:17
376,Maryam,El Fassi,maryam.elfassi@outlook.com,0622789721,"327, Rue 67, Ain Kadous, Fes, Maroc",1980-02-14,True,F,Accountant,2025-02-07 16:24:17
377,Omar,Hajhouj,omar.hajhouj@hotmail.com,0633396025,"651, Rue 28, Hay Riad, Rabat, Maroc",1977-10-17,True,M,Bank Officer,2025-02-07 16:24:17
378,Marouane,Benamour,marouane.benamour@yahoo.fr,0724711971,"884, Rue 55, Iberia, Tangier, Maroc",1962-01-18,True,M,Engineer,2025-02-07 16:24:17
379,Othmane,Belghiti,othmane.belghiti@gmail.com,0665846609,"424, Rue 81, Agdal, Rabat, Maroc",2001-03-25,True,M,Architect,2025-02-07 16:24:17
380,Ayoub,Benamour,ayoub.benamour@outlook.com,0764654031,"43, Rue 8, Hivernage, Marrakech, Maroc",1999-04-25,True,M,Dentist,2025-02-07 16:24:17
381,Said,Bennani,said.bennani@hotmail.com,0751627829,"302, Rue 6, Hassan, Rabat, Maroc",2006-04-24,True,M,Sales Manager,2025-02-07 16:24:17
382,Karim,Benchekroun,karim.benchekroun@gmail.com,0662054899,"277, Rue 90, Sidi Ghanem, Marrakech, Maroc",1989-08-06,True,M,Teacher,2025-02-07 16:24:17
383,Hajar,Benjelloun,hajar.benjelloun@outlook.com,0771016650,"711, Rue 85, Hay Mohammadi, Casablanca, Maroc",1956-01-26,True,F,Dentist,2025-02-07 16:24:17
384,Hassan,Ziani,hassan.ziani@gmail.com,0768675637,"621, Rue 31, Hay Riad, Rabat, Maroc",1966-04-19,True,M,Lawyer,2025-02-07 16:24:17
385,Khadija,Ziani,khadija.ziani@hotmail.com,0785141342,"964, Rue 83, Route Immouzer, Fes, Maroc",1964-10-13,True,F,Pharmacist,2025-02-07 16:24:17
386,Rim,El Khatib,rim.elkhatib@gmail.com,0614953232,"762, Rue 25, Amerchich, Marrakech, Maroc",2004-12-04,True,F,Professor,2025-02-07 16:24:17
387,Mehdi,El Gharbi,mehdi.elgharbi@gmail.com,0730161437,"885, Rue 71, 2 Mars, Casablanca, Maroc",1961-02-11,True,M,Consultant,2025-02-07 16:24:17
388,Chaima,El Yousfi,chaima.elyousfi@gmail.com,0648214749,"518, Rue 30, Ville Nouvelle, Fes, Maroc",1957-12-15,True,F,Accountant,2025-02-07 16:24:17
389,Mehdi,El Khatib,mehdi.elkhatib643@outlook.com,0746434824,"738, Rue 87, Gueliz, Marrakech, Maroc",1984-09-28,True,M,Civil Servant,2025-02-07 16:24:17
390,Fayçal,Sebti,fayçal.sebti@hotmail.com,0767998681,"731, Rue 84, Agdal, Rabat, Maroc",1966-05-28,True,M,Doctor,2025-02-07 16:24:17
391,Jamila,Belghiti,jamila.belghiti@outlook.com,0690383844,"219, Rue 1, Malabata, Tangier, Maroc",1972-10-23,True,F,Accountant,2025-02-07 16:24:17
392,Wafaa,El Baroudi,wafaa.elbaroudi@yahoo.fr,0743023810,"428, Rue 43, Centre Ville, Tangier, Maroc",1969-04-27,True,F,Lawyer,2025-02-07 16:24:17
393,Mohammed,Kabbaj,mohammed.kabbaj@hotmail.com,0790424182,"581, Rue 58, Hay Hassani, Casablanca, Maroc",2002-06-12,True,M,Accountant,2025-02-07 16:24:17
394,Ibtissam,Benamour,ibtissam.benamour@hotmail.com,0663797322,"23, Rue 49, Gueliz, Marrakech, Maroc",1963-01-08,True,F,Doctor,2025-02-07 16:24:17
395,Abderrahim,El Alami,abderrahim.elalami@hotmail.com,0738067810,"355, Rue 63, Anfa, Casablanca, Maroc",1981-06-18,True,M,Engineer,2025-02-07 16:24:17
396,Driss,Hajjami,driss.hajjami@gmail.com,0739724846,"455, Rue 52, Medina, Marrakech, Maroc",1986-05-26,True,M,Bank Officer,2025-02-07 16:24:17
397,Asma,Belmokhtar,asma.belmokhtar@gmail.com,0671417983,"583, Rue 53, Targa, Marrakech, Maroc",1976-09-28,True,F,Sales Manager,2025-02-07 16:24:17
398,Nisrine,Ramdani,nisrine.ramdani@outlook.com,0790503386,"28, Rue 99, Medina, Marrakech, Maroc",1957-06-03,True,F,Engineer,2025-02-07 16:24:17
399,Soufiane,El Khalfi,soufiane.elkhalfi@gmail.com,0657348326,"863, Rue 11, Youssoufia, Rabat, Maroc",1958-08-01,True,M,Engineer,2025-02-07 16:24:17
400,Walid,Alaoui,walid.alaoui@gmail.com,0684921463,"918, Rue 33, Atlas, Fes, Maroc",1957-10-26,True,M,Lawyer,2025-02-07 16:24:17
401,Aisha,Benamour,aisha.benamour@outlook.com,0754490462,"165, Rue 3, Hay Mohammadi, Casablanca, Maroc",1969-10-24,True,F,Pharmacist,2025-02-07 16:24:17
402,Soufiane,El Hamidi,soufiane.elhamidi@hotmail.com,0645527277,"340, Rue 25, Gueliz, Marrakech, Maroc",1977-02-16,True,M,Professor,2025-02-07 16:24:17
403,Adil,El Khalfi,adil.elkhalfi@gmail.com,0789905425,"481, Rue 85, Boukhalef, Tangier, Maroc",1956-11-07,True,M,Engineer,2025-02-07 16:24:17
404,Mehdi,El Mansouri,mehdi.elmansouri941@gmail.com,0684939226,"34, Rue 12, Amerchich, Marrakech, Maroc",1975-05-20,True,M,Consultant,2025-02-07 16:24:17
405,Meryem,El Khayari,meryem.elkhayari@gmail.com,0763416827,"913, Rue 58, Les Orangers, Rabat, Maroc",1977-06-01,True,F,Pharmacist,2025-02-07 16:24:17
406,Abderrahim,El Gharbi,abderrahim.elgharbi@yahoo.fr,0689173058,"790, Rue 94, Hassan, Rabat, Maroc",1991-03-12,True,M,Sales Manager,2025-02-07 16:24:17
407,Ibtissam,Lahlou,ibtissam.lahlou@hotmail.com,0757012395,"732, Rue 51, Ville Nouvelle, Fes, Maroc",1992-09-04,True,F,Civil Servant,2025-02-07 16:24:17
408,Mohammed,Tazi,mohammed.tazi@yahoo.fr,0781207131,"88, Rue 95, Saiss, Fes, Maroc",2001-01-07,True,M,IT Professional,2025-02-07 16:24:17
409,Adil,El Baroudi,adil.elbaroudi@outlook.com,0760475383,"987, Rue 95, Boukhalef, Tangier, Maroc",1976-03-03,True,M,Bank Officer,2025-02-07 16:24:17
410,Siham,Ouazzani,siham.ouazzani@hotmail.com,0666334708,"743, Rue 2, Marchane, Tangier, Maroc",1977-05-17,True,F,Doctor,2025-02-07 16:24:17
411,Abdelhak,El Khayari,abdelhak.elkhayari@yahoo.fr,0754315443,"528, Rue 20, Ain Sebaa, Casablanca, Maroc",1989-12-13,True,M,Sales Manager,2025-02-07 16:24:17
412,Sara,Bensouda,sara.bensouda@yahoo.fr,0775150838,"466, Rue 12, Ain Kadous, Fes, Maroc",1987-11-29,True,F,Pharmacist,2025-02-07 16:24:17
413,Samira,Benhaddou,samira.benhaddou@yahoo.fr,0681491283,"537, Rue 76, Centre Ville, Tangier, Maroc",1979-06-01,True,F,Accountant,2025-02-07 16:24:17
414,Ismail,Benjelloun,ismail.benjelloun@outlook.com,0784206365,"511, Rue 38, Val Fleuri, Tangier, Maroc",2001-04-14,True,M,Architect,2025-02-07 16:24:17
415,Mehdi,El Khayari,mehdi.elkhayari@outlook.com,0730500787,"721, Rue 57, Val Fleuri, Tangier, Maroc",2003-12-07,True,M,Professor,2025-02-07 16:24:17
416,Amal,Belmokhtar,amal.belmokhtar@outlook.com,0769701039,"521, Rue 1, 2 Mars, Casablanca, Maroc",1963-03-01,True,F,Pharmacist,2025-02-07 16:24:17
417,Hayat,Tazi,hayat.tazi@yahoo.fr,0748178227,"439, Rue 6, Hivernage, Marrakech, Maroc",1956-10-20,True,F,Civil Servant,2025-02-07 16:24:17
418,Marouane,El Hassani,marouane.elhassani@outlook.com,0792118754,"623, Rue 98, Medina, Marrakech, Maroc",1987-05-08,True,M,Sales Manager,2025-02-07 16:24:17
419,Samira,Chaoui,samira.chaoui@hotmail.com,0653125967,"85, Rue 52, Ain Sebaa, Casablanca, Maroc",1958-12-24,True,F,IT Professional,2025-02-07 16:24:17
420,Sara,El Moutawakkil,sara.elmoutawakkil@yahoo.fr,0679139857,"33, Rue 77, Gueliz, Marrakech, Maroc",1962-12-23,True,F,Accountant,2025-02-07 16:24:17
421,Zineb,Tahiri,zineb.tahiri@yahoo.fr,0772078993,"96, Rue 80, Sidi Ghanem, Marrakech, Maroc",1973-03-17,True,F,Sales Manager,2025-02-07 16:24:17
422,Abderrahim,Benjelloun,abderrahim.benjelloun@yahoo.fr,0630589898,"80, Rue 84, Massira, Marrakech, Maroc",1967-09-28,True,M,Architect,2025-02-07 16:24:17
423,Abderrahim,Alaoui,abderrahim.alaoui@outlook.com,0640725536,"658, Rue 76, Aviation, Rabat, Maroc",1970-03-21,True,M,Civil Servant,2025-02-07 16:24:17
424,Bouchra,Idrissi,bouchra.idrissi@yahoo.fr,0644225864,"431, Rue 78, Hay Riad, Rabat, Maroc",1984-09-21,True,F,Engineer,2025-02-07 16:24:17
425,Hassan,El Bouzidi,hassan.elbouzidi@gmail.com,0670888228,"610, Rue 15, Boukhalef, Tangier, Maroc",1980-06-18,True,M,Lawyer,2025-02-07 16:24:17
426,Fayçal,El Hajji,fayçal.elhajji@yahoo.fr,0738353953,"91, Rue 99, Massira, Marrakech, Maroc",1987-06-03,True,M,Accountant,2025-02-07 16:24:17
427,Fayçal,El Alami,fayçal.elalami@hotmail.com,0764133367,"947, Rue 95, Medina, Marrakech, Maroc",1979-03-14,True,M,Dentist,2025-02-07 16:24:17
428,Jamal,Benjelloun,jamal.benjelloun@outlook.com,0715475839,"53, Rue 66, Malabata, Tangier, Maroc",1980-04-12,True,M,Lawyer,2025-02-07 16:24:17
429,Manal,Alaoui,manal.alaoui@yahoo.fr,0647765682,"469, Rue 35, Targa, Marrakech, Maroc",1993-08-16,True,F,Architect,2025-02-07 16:24:17
430,Fayçal,El Ouazzani,fayçal.elouazzani@outlook.com,0638485685,"645, Rue 17, Hay Riad, Rabat, Maroc",2003-01-29,True,M,Pharmacist,2025-02-07 16:24:17
431,Mohsen,Amrani,mohsen.amrani@yahoo.fr,0623017894,"393, Rue 25, Hay Hassani, Casablanca, Maroc",1986-03-30,True,M,Doctor,2025-02-07 16:24:17
432,Anas,Benjelloun,anas.benjelloun@gmail.com,0687306718,"530, Rue 71, Agdal, Rabat, Maroc",1982-02-28,True,M,Consultant,2025-02-07 16:24:17
433,Amal,Kabbaj,amal.kabbaj@hotmail.com,0735616653,"49, Rue 70, Hay Riad, Rabat, Maroc",2005-11-08,True,F,IT Professional,2025-02-07 16:24:17
434,Rim,El Mansouri,rim.elmansouri@yahoo.fr,0664070327,"996, Rue 18, Aviation, Rabat, Maroc",1965-01-03,True,F,Lawyer,2025-02-07 16:24:17
435,Khadija,El Bouzidi,khadija.elbouzidi@gmail.com,0696746919,"68, Rue 57, Boukhalef, Tangier, Maroc",1991-02-02,True,F,Bank Officer,2025-02-07 16:24:17
436,Naima,Ramdani,naima.ramdani@gmail.com,0628160338,"22, Rue 37, Massira, Marrakech, Maroc",1994-11-13,True,F,Business Owner,2025-02-07 16:24:17
437,Naima,Sebti,naima.sebti@gmail.com,0744862280,"323, Rue 82, Sidi Ghanem, Marrakech, Maroc",1968-07-27,True,F,Bank Officer,2025-02-07 16:24:17
438,Soufiane,El Khayari,soufiane.elkhayari@gmail.com,0610058419,"777, Rue 45, Ville Nouvelle, Fes, Maroc",1983-11-12,True,M,Professor,2025-02-07 16:24:17
439,Soumaya,Hajhouj,soumaya.hajhouj@gmail.com,0770471400,"960, Rue 72, Ben M'Sick, Casablanca, Maroc",1958-05-22,True,F,Sales Manager,2025-02-07 16:24:17
440,Hind,Chraibi,hind.chraibi@hotmail.com,0647956393,"407, Rue 78, Sidi Ghanem, Marrakech, Maroc",1968-12-07,True,F,Accountant,2025-02-07 16:24:17
441,Abdelilah,Chafik,abdelilah.chafik@gmail.com,0739697452,"954, Rue 88, Boukhalef, Tangier, Maroc",1997-10-15,True,M,Lawyer,2025-02-07 16:24:17
442,Ghita,El Hajji,ghita.elhajji@yahoo.fr,0718812729,"360, Rue 92, Sidi Ghanem, Marrakech, Maroc",2000-07-24,True,F,Sales Manager,2025-02-07 16:24:17
443,Walid,El Kandoussi,walid.elkandoussi@gmail.com,0745236093,"814, Rue 36, Agdal, Rabat, Maroc",1968-03-11,True,M,Architect,2025-02-07 16:24:17
444,Hanane,Chafik,hanane.chafik@yahoo.fr,0629937017,"907, Rue 95, Val Fleuri, Tangier, Maroc",1956-05-17,True,F,Accountant,2025-02-07 16:24:17
445,Younes,Benhaddou,younes.benhaddou@outlook.com,0658835264,"499, Rue 48, Youssoufia, Rabat, Maroc",1977-05-27,True,M,Pharmacist,2025-02-07 16:24:17
446,Othmane,Benhaddou,othmane.benhaddou@outlook.com,0636185338,"698, Rue 99, Centre Ville, Tangier, Maroc",1967-06-04,True,M,IT Professional,2025-02-07 16:24:17
447,Houda,Kabbaj,houda.kabbaj@hotmail.com,0769143432,"196, Rue 27, Ville Nouvelle, Fes, Maroc",1997-08-19,True,F,Architect,2025-02-07 16:24:17
448,Mohsen,Benchekroun,mohsen.benchekroun@yahoo.fr,0744428395,"896, Rue 41, Anfa, Casablanca, Maroc",1988-12-11,True,M,Teacher,2025-02-07 16:24:17
449,Khadija,El Khatib,khadija.elkhatib@yahoo.fr,0722609513,"438, Rue 48, Medina, Marrakech, Maroc",1981-11-28,True,F,Accountant,2025-02-07 16:24:17
450,Nadia,Ouazzani,nadia.ouazzani@outlook.com,0634832006,"234, Rue 60, Hay Hassani, Casablanca, Maroc",1995-06-03,True,F,Teacher,2025-02-07 16:24:17
451,Nadia,Fassi,nadia.fassi@outlook.com,0795745207,"47, Rue 44, Agdal, Rabat, Maroc",1998-04-19,True,F,Consultant,2025-02-07 16:24:17
452,Walid,Hajhouj,walid.hajhouj@yahoo.fr,0641790192,"759, Rue 50, Targa, Marrakech, Maroc",1976-02-28,True,M,Accountant,2025-02-07 16:24:17
453,Jamila,Ziani,jamila.ziani@hotmail.com,0781284474,"454, Rue 69, Medina, Marrakech, Maroc",1981-07-08,True,F,Pharmacist,2025-02-07 16:24:17
454,Soufiane,El Gharbi,soufiane.elgharbi@outlook.com,0610832918,"830, Rue 54, Centre Ville, Tangier, Maroc",1981-04-27,True,M,Engineer,2025-02-07 16:24:17
455,Hind,Chafik,hind.chafik@outlook.com,0617942181,"742, Rue 85, Aviation, Rabat, Maroc",2006-11-23,True,F,Accountant,2025-02-07 16:24:17
456,Ilham,El Fassi,ilham.elfassi@hotmail.com,0627919208,"244, Rue 82, Les Orangers, Rabat, Maroc",1991-02-22,True,F,Business Owner,2025-02-07 16:24:17
457,Meryem,El Khalfi,meryem.elkhalfi@hotmail.com,0775385777,"648, Rue 14, Amerchich, Marrakech, Maroc",1988-07-29,True,F,Civil Servant,2025-02-07 16:24:17
458,Meryem,Kabbaj,meryem.kabbaj@gmail.com,0650419615,"178, Rue 79, Atlas, Fes, Maroc",1992-05-21,True,F,IT Professional,2025-02-07 16:24:17
459,Mohsen,Tazi,mohsen.tazi@gmail.com,0793782631,"208, Rue 47, Hassan, Rabat, Maroc",1976-11-04,True,M,Sales Manager,2025-02-07 16:24:17
460,Chakib,El Baroudi,chakib.elbaroudi@gmail.com,0742028818,"128, Rue 67, Ben M'Sick, Casablanca, Maroc",1979-10-24,True,M,Lawyer,2025-02-07 16:24:17
461,Salma,Ramdani,salma.ramdani@yahoo.fr,0726044677,"713, Rue 20, Aviation, Rabat, Maroc",1995-08-13,True,F,Teacher,2025-02-07 16:24:17
462,Asma,Benhaddou,asma.benhaddou@outlook.com,0786093258,"599, Rue 9, Hay Hassani, Casablanca, Maroc",1998-11-29,True,F,Business Owner,2025-02-07 16:24:17
463,Ahmed,El Yacoubi,ahmed.elyacoubi@yahoo.fr,0718812502,"282, Rue 72, Saiss, Fes, Maroc",1968-03-30,True,M,Professor,2025-02-07 16:24:17
464,Hassan,Belghiti,hassan.belghiti@yahoo.fr,0638171806,"292, Rue 60, Amerchich, Marrakech, Maroc",1979-04-26,True,M,Engineer,2025-02-07 16:24:17
465,Ahmed,Chraibi,ahmed.chraibi@yahoo.fr,0756054881,"598, Rue 85, Iberia, Tangier, Maroc",2000-01-15,True,M,Professor,2025-02-07 16:24:17
466,Amal,Bennis,amal.bennis@gmail.com,0622297656,"898, Rue 79, 2 Mars, Casablanca, Maroc",1957-08-24,True,F,Professor,2025-02-07 16:24:17
467,Abdelilah,Lahlou,abdelilah.lahlou@outlook.com,0779554942,"153, Rue 3, Sidi Bernoussi, Casablanca, Maroc",1977-03-25,True,M,Lawyer,2025-02-07 16:24:17
468,Tariq,El Khalfi,tariq.elkhalfi@yahoo.fr,0692470127,"656, Rue 68, Centre Ville, Tangier, Maroc",1955-04-12,True,M,Business Owner,2025-02-07 16:24:17
469,Abdelaziz,Idrissi,abdelaziz.idrissi@yahoo.fr,0721434978,"603, Rue 54, Route Immouzer, Fes, Maroc",1992-04-11,True,M,Engineer,2025-02-07 16:24:17
470,Fouad,Bensouda,fouad.bensouda@yahoo.fr,0621209699,"785, Rue 49, Centre Ville, Tangier, Maroc",2001-10-10,True,M,Business Owner,2025-02-07 16:24:17
471,Younes,El Khatib,younes.elkhatib@hotmail.com,0716479358,"450, Rue 58, Targa, Marrakech, Maroc",1983-08-04,True,M,Accountant,2025-02-07 16:24:17
472,Asma,Benchekroun,asma.benchekroun@hotmail.com,0759561552,"354, Rue 32, Medina, Marrakech, Maroc",1992-09-18,True,F,Civil Servant,2025-02-07 16:24:17
473,Karima,Kabbaj,karima.kabbaj@outlook.com,0725843424,"987, Rue 96, Marchane, Tangier, Maroc",1961-03-19,True,F,Consultant,2025-02-07 16:24:17
474,Youssef,El Fassi,youssef.elfassi@yahoo.fr,0617138971,"943, Rue 71, Les Orangers, Rabat, Maroc",1974-10-09,True,M,Lawyer,2025-02-07 16:24:17
475,Salma,Bensouda,salma.bensouda@outlook.com,0782474000,"293, Rue 98, Hay Riad, Rabat, Maroc",1965-09-03,True,F,Lawyer,2025-02-07 16:24:17
476,Hassan,Tazi,hassan.tazi@outlook.com,0610669056,"964, Rue 43, Hay Hassani, Casablanca, Maroc",1988-11-25,True,M,Sales Manager,2025-02-07 16:24:17
477,Manal,Benchekroun,manal.benchekroun@outlook.com,0667444607,"38, Rue 30, Atlas, Fes, Maroc",2002-07-12,True,F,Doctor,2025-02-07 16:24:17
478,Anas,Ziani,anas.ziani@gmail.com,0763694783,"31, Rue 66, Sidi Bernoussi, Casablanca, Maroc",1971-04-04,True,M,Architect,2025-02-07 16:24:17
479,Amine,Chraibi,amine.chraibi@outlook.com,0674956804,"657, Rue 54, Iberia, Tangier, Maroc",1994-11-13,True,M,Bank Officer,2025-02-07 16:24:17
480,Walid,El Bouzidi,walid.elbouzidi@outlook.com,0656680901,"482, Rue 51, Val Fleuri, Tangier, Maroc",1990-07-24,True,M,Lawyer,2025-02-07 16:24:17
481,Abdelilah,Bensouda,abdelilah.bensouda@yahoo.fr,0739106134,"768, Rue 33, Bourgogne, Casablanca, Maroc",1962-01-09,True,M,Consultant,2025-02-07 16:24:17
482,Abdelilah,Kabbaj,abdelilah.kabbaj@yahoo.fr,0639104713,"634, Rue 85, Gueliz, Marrakech, Maroc",1984-08-24,True,M,Consultant,2025-02-07 16:24:17
483,Khadija,Bennis,khadija.bennis@gmail.com,0731060372,"526, Rue 55, Akkari, Rabat, Maroc",2004-10-03,True,F,Sales Manager,2025-02-07 16:24:17
484,Soumaya,Lahlou,soumaya.lahlou@outlook.com,0655835163,"248, Rue 37, Route Immouzer, Fes, Maroc",1978-03-25,True,F,Professor,2025-02-07 16:24:17
485,Karima,Lahlou,karima.lahlou@hotmail.com,0774506538,"447, Rue 2, Amerchich, Marrakech, Maroc",1975-04-08,True,F,Dentist,2025-02-07 16:24:17
486,Meryem,El Khatib,meryem.elkhatib@yahoo.fr,0674160748,"552, Rue 87, Saiss, Fes, Maroc",1978-03-19,True,F,IT Professional,2025-02-07 16:24:17
487,Hajar,Bennis,hajar.bennis@hotmail.com,0645769373,"396, Rue 99, Sidi Bernoussi, Casablanca, Maroc",1974-04-20,True,F,Consultant,2025-02-07 16:24:17
488,Said,El Yacoubi,said.elyacoubi@yahoo.fr,0777344971,"139, Rue 91, Route Immouzer, Fes, Maroc",1997-12-01,True,M,Professor,2025-02-07 16:24:17
489,Youssef,El Gharbi,youssef.elgharbi@outlook.com,0734779968,"935, Rue 12, Ville Nouvelle, Fes, Maroc",1981-03-23,True,M,Architect,2025-02-07 16:24:17
490,Khadija,Alaoui,khadija.alaoui@outlook.com,0655209649,"606, Rue 24, Atlas, Fes, Maroc",1987-12-15,True,F,Bank Officer,2025-02-07 16:24:17
491,Soukaina,Benjelloun,soukaina.benjelloun@outlook.com,0697547156,"88, Rue 98, Massira, Marrakech, Maroc",1999-11-20,True,F,Lawyer,2025-02-07 16:24:17
492,Fouad,El Mansouri,fouad.elmansouri@gmail.com,0745832552,"418, Rue 35, 2 Mars, Casablanca, Maroc",2001-12-25,True,M,Teacher,2025-02-07 16:24:17
493,Mohammed,Chraibi,mohammed.chraibi@outlook.com,0671144821,"830, Rue 69, Youssoufia, Rabat, Maroc",1998-08-05,True,M,Teacher,2025-02-07 16:24:17
494,Nisrine,Benchekroun,nisrine.benchekroun@outlook.com,0678563067,"741, Rue 7, Marchane, Tangier, Maroc",2002-06-19,True,F,Dentist,2025-02-07 16:24:17
495,Leila,Sebti,leila.sebti@yahoo.fr,0677634851,"41, Rue 16, Youssoufia, Rabat, Maroc",2000-04-15,True,F,Business Owner,2025-02-07 16:24:17
496,Abdelaziz,Alaoui,abdelaziz.alaoui@hotmail.com,0650299548,"343, Rue 42, Boukhalef, Tangier, Maroc",1981-02-25,True,M,IT Professional,2025-02-07 16:24:17
497,Zakaria,Belghiti,zakaria.belghiti@outlook.com,0696671203,"718, Rue 98, Ville Nouvelle, Fes, Maroc",1967-05-09,True,M,Civil Servant,2025-02-07 16:24:17
498,Anas,Benhaddou,anas.benhaddou@gmail.com,0761701220,"416, Rue 93, Atlas, Fes, Maroc",1997-09-01,True,M,Accountant,2025-02-07 16:24:17
499,Younes,Belghiti,younes.belghiti@gmail.com,0624701922,"598, Rue 5, Hay Hassani, Casablanca, Maroc",1973-08-20,True,M,Engineer,2025-02-07 16:24:17
500,Brahim,Kabbaj,brahim.kabbaj@yahoo.fr,0756294566,"266, Rue 71, Ville Nouvelle, Fes, Maroc",1980-02-24,True,M,Pharmacist,2025-02-07 16:24:17
501,Adil,Benhaddou,adil.benhaddou@yahoo.fr,0729704877,"830, Rue 33, Iberia, Tangier, Maroc",1976-02-08,True,M,Lawyer,2025-02-07 16:24:17
502,Walid,Kabbaj,walid.kabbaj@yahoo.fr,0669403481,"653, Rue 39, Malabata, Tangier, Maroc",2005-08-29,True,M,Professor,2025-02-07 16:24:17
503,Walid,El Alami,walid.elalami@yahoo.fr,0657759233,"298, Rue 94, Centre Ville, Tangier, Maroc",1993-06-14,True,M,IT Professional,2025-02-07 16:24:17
504,Dounia,Belghiti,dounia.belghiti@yahoo.fr,0661090181,"985, Rue 59, Medina, Fes, Maroc",1999-01-07,True,F,Dentist,2025-02-07 16:24:17
505,Brahim,Belghiti,brahim.belghiti@yahoo.fr,0697534837,"714, Rue 22, Medina, Fes, Maroc",1987-02-27,True,M,Professor,2025-02-07 16:24:17
506,Marouane,El Hajji,marouane.elhajji@yahoo.fr,0758102305,"209, Rue 15, Sidi Ghanem, Marrakech, Maroc",1957-10-27,True,M,Doctor,2025-02-07 16:24:17
507,Ghita,Idrissi,ghita.idrissi@outlook.com,0721259215,"957, Rue 93, Iberia, Tangier, Maroc",1978-07-12,True,F,Teacher,2025-02-07 16:24:17
508,Driss,Chraibi,driss.chraibi@gmail.com,0679844368,"888, Rue 95, Route Immouzer, Fes, Maroc",1970-07-15,True,M,Pharmacist,2025-02-07 16:24:17
509,Said,El Yousfi,said.elyousfi@hotmail.com,0688370583,"80, Rue 11, Ville Nouvelle, Fes, Maroc",1970-12-06,True,M,Bank Officer,2025-02-07 16:24:17
510,Soumaya,Tazi,soumaya.tazi@hotmail.com,0743447307,"906, Rue 2, Medina, Fes, Maroc",1969-03-12,True,F,Accountant,2025-02-07 16:24:17
511,Jamal,Skalli,jamal.skalli@hotmail.com,0646450894,"683, Rue 68, Akkari, Rabat, Maroc",1991-12-10,True,M,Sales Manager,2025-02-07 16:24:17
512,Fadoua,El Khayari,fadoua.elkhayari@yahoo.fr,0761666538,"253, Rue 46, Massira, Marrakech, Maroc",1980-10-26,True,F,Lawyer,2025-02-07 16:24:17
513,Soukaina,Belghiti,soukaina.belghiti@outlook.com,0695481305,"230, Rue 86, Medina, Fes, Maroc",1996-01-17,True,F,Professor,2025-02-07 16:24:17
514,Fatima,El Khayari,fatima.elkhayari@hotmail.com,0692831193,"668, Rue 35, Gueliz, Marrakech, Maroc",1989-08-17,True,F,Doctor,2025-02-07 16:24:17
515,Soufiane,Hajjami,soufiane.hajjami@hotmail.com,0682525071,"846, Rue 81, Ain Kadous, Fes, Maroc",1980-11-02,True,M,Doctor,2025-02-07 16:24:17
516,Sara,El Khalfi,sara.elkhalfi@hotmail.com,0646332717,"403, Rue 15, Atlas, Fes, Maroc",1998-10-09,True,F,Pharmacist,2025-02-07 16:24:17
517,Asma,Hajhouj,asma.hajhouj602@hotmail.com,0763270128,"225, Rue 66, Les Orangers, Rabat, Maroc",1983-05-13,True,F,Civil Servant,2025-02-07 16:24:17
518,Khadija,El Khalfi,khadija.elkhalfi@yahoo.fr,0792721775,"905, Rue 48, 2 Mars, Casablanca, Maroc",1983-12-14,True,F,Doctor,2025-02-07 16:24:17
519,Hamza,Ramdani,hamza.ramdani@yahoo.fr,0794493268,"778, Rue 10, Medina, Marrakech, Maroc",1996-06-23,True,M,Lawyer,2025-02-07 16:24:17
520,Ikram,Lahlou,ikram.lahlou@yahoo.fr,0625173271,"358, Rue 90, Gueliz, Marrakech, Maroc",1968-02-05,True,F,Professor,2025-02-07 16:24:17
521,Oussama,Amrani,oussama.amrani@hotmail.com,0661201995,"182, Rue 87, 2 Mars, Casablanca, Maroc",1971-02-05,True,M,Doctor,2025-02-07 16:24:17
522,Jamila,El Mansouri,jamila.elmansouri@yahoo.fr,0725178372,"877, Rue 77, Bourgogne, Casablanca, Maroc",1995-09-14,True,F,Dentist,2025-02-07 16:24:17
523,Younes,Alaoui,younes.alaoui@outlook.com,0711745913,"142, Rue 13, Val Fleuri, Tangier, Maroc",1975-03-30,True,M,Civil Servant,2025-02-07 16:24:17
524,Laila,Chraibi,laila.chraibi@yahoo.fr,0778420532,"607, Rue 28, Aviation, Rabat, Maroc",1957-10-13,True,F,Business Owner,2025-02-07 16:24:17
525,Anas,Ramdani,anas.ramdani@yahoo.fr,0676091975,"83, Rue 31, Hassan, Rabat, Maroc",1990-07-27,True,M,Civil Servant,2025-02-07 16:24:17
526,Oussama,Tahiri,oussama.tahiri@outlook.com,0795086941,"993, Rue 28, Malabata, Tangier, Maroc",1989-10-19,True,M,Accountant,2025-02-07 16:24:17
527,Mehdi,Berrada,mehdi.berrada@yahoo.fr,0768652215,"923, Rue 46, Saiss, Fes, Maroc",1974-01-12,True,M,Engineer,2025-02-07 16:24:17
528,Ikram,Belghiti,ikram.belghiti@yahoo.fr,0628172409,"736, Rue 67, Targa, Marrakech, Maroc",1968-01-23,True,F,Engineer,2025-02-07 16:24:17
529,Fadoua,Alaoui,fadoua.alaoui@gmail.com,0681406323,"573, Rue 25, Medina, Fes, Maroc",1971-01-11,True,F,Accountant,2025-02-07 16:24:17
530,Ibtissam,El Hamidi,ibtissam.elhamidi@gmail.com,0739282656,"526, Rue 31, Hassan, Rabat, Maroc",1955-03-16,True,F,Doctor,2025-02-07 16:24:17
531,Fayçal,El Alami,fayçal.elalami@yahoo.fr,0665846803,"76, Rue 66, Les Orangers, Rabat, Maroc",1994-05-16,True,M,Sales Manager,2025-02-07 16:24:17
532,Aisha,Bensouda,aisha.bensouda@yahoo.fr,0630351133,"292, Rue 97, Ville Nouvelle, Fes, Maroc",1957-03-27,True,F,Engineer,2025-02-07 16:24:17
533,Houda,El Ouazzani,houda.elouazzani@hotmail.com,0642786046,"201, Rue 72, Targa, Marrakech, Maroc",1971-08-27,True,F,Bank Officer,2025-02-07 16:24:17
534,Fouad,Hajhouj,fouad.hajhouj@hotmail.com,0741206400,"470, Rue 98, Massira, Marrakech, Maroc",1964-11-24,True,M,Sales Manager,2025-02-07 16:24:17
535,Abdelhak,Tazi,abdelhak.tazi617@outlook.com,0614981543,"678, Rue 91, Atlas, Fes, Maroc",1990-08-31,True,M,Dentist,2025-02-07 16:24:17
536,Sanaa,El Khayari,sanaa.elkhayari@hotmail.com,0741787379,"48, Rue 20, Saiss, Fes, Maroc",1988-10-21,True,F,Teacher,2025-02-07 16:24:17
537,Walid,Tazi,walid.tazi@gmail.com,0718082170,"489, Rue 68, Ain Chock, Casablanca, Maroc",1990-01-17,True,M,Business Owner,2025-02-07 16:24:17
538,Adil,Hajhouj,adil.hajhouj@hotmail.com,0780678685,"432, Rue 44, Ain Chock, Casablanca, Maroc",1976-11-18,True,M,Doctor,2025-02-07 16:24:17
539,Leila,El Hamidi,leila.elhamidi@yahoo.fr,0714159110,"243, Rue 79, Les Orangers, Rabat, Maroc",1976-10-26,True,F,Sales Manager,2025-02-07 16:24:17
540,Othmane,Ouazzani,othmane.ouazzani@outlook.com,0657640271,"402, Rue 6, Hay Riad, Rabat, Maroc",1963-01-13,True,M,Business Owner,2025-02-07 16:24:17
541,Omar,El Khayari,omar.elkhayari@yahoo.fr,0623463696,"250, Rue 100, Atlas, Fes, Maroc",1964-01-08,True,M,Doctor,2025-02-07 16:24:17
542,Ilham,Chafik,ilham.chafik@gmail.com,0717557693,"378, Rue 20, Ville Nouvelle, Fes, Maroc",1991-05-26,True,F,IT Professional,2025-02-07 16:24:17
543,Ibrahim,El Khatib,ibrahim.elkhatib@outlook.com,0689842247,"888, Rue 21, Route Immouzer, Fes, Maroc",2006-08-23,True,M,Bank Officer,2025-02-07 16:24:17
544,Ikram,Benjelloun,ikram.benjelloun@hotmail.com,0656438207,"173, Rue 25, Saiss, Fes, Maroc",1967-10-21,True,F,Sales Manager,2025-02-07 16:24:17
545,Oussama,Hajhouj,oussama.hajhouj@yahoo.fr,0640495197,"721, Rue 5, Sidi Ghanem, Marrakech, Maroc",1983-03-06,True,M,Doctor,2025-02-07 16:24:17
546,Kawtar,Chaoui,kawtar.chaoui@gmail.com,0740205291,"436, Rue 51, Hassan, Rabat, Maroc",1974-04-24,True,F,Consultant,2025-02-07 16:24:17
547,Said,El Mansouri,said.elmansouri@outlook.com,0612147678,"896, Rue 92, Les Orangers, Rabat, Maroc",1971-02-11,True,M,Professor,2025-02-07 16:24:17
548,Sara,Belghiti,sara.belghiti@outlook.com,0789167697,"85, Rue 65, Ain Sebaa, Casablanca, Maroc",1962-11-12,True,F,Engineer,2025-02-07 16:24:17
549,Mohammed,Bennani,mohammed.bennani@hotmail.com,0688511004,"749, Rue 87, Saiss, Fes, Maroc",1998-07-22,True,M,Pharmacist,2025-02-07 16:24:17
550,Walid,El Khayari,walid.elkhayari@yahoo.fr,0642324767,"759, Rue 50, Centre Ville, Tangier, Maroc",1962-03-07,True,M,Civil Servant,2025-02-07 16:24:17
551,Othmane,Benchekroun,othmane.benchekroun@yahoo.fr,0663446871,"632, Rue 64, Gueliz, Marrakech, Maroc",1962-12-27,True,M,Lawyer,2025-02-07 16:24:17
552,Houda,Bennis,houda.bennis@gmail.com,0774117801,"105, Rue 40, Hay Riad, Rabat, Maroc",1980-05-23,True,F,Teacher,2025-02-07 16:24:17
553,Zakaria,Bennis,zakaria.bennis@hotmail.com,0672201498,"151, Rue 56, Centre Ville, Tangier, Maroc",1959-05-03,True,M,Sales Manager,2025-02-07 16:24:17
554,Walid,Bennani,walid.bennani@yahoo.fr,0723725033,"270, Rue 60, Bourgogne, Casablanca, Maroc",1995-11-08,True,M,Consultant,2025-02-07 16:24:17
555,Omar,Bensouda,omar.bensouda@gmail.com,0629723780,"146, Rue 92, Anfa, Casablanca, Maroc",1966-06-17,True,M,IT Professional,2025-02-07 16:24:17
556,Tarik,Amrani,tarik.amrani@hotmail.com,0740884408,"878, Rue 20, Youssoufia, Rabat, Maroc",1970-10-30,True,M,IT Professional,2025-02-07 16:24:17
557,Nadia,El Hamidi,nadia.elhamidi@outlook.com,0683495651,"968, Rue 56, Gauthier, Casablanca, Maroc",1981-09-02,True,F,Architect,2025-02-07 16:24:17
558,Ali,Chafik,ali.chafik@hotmail.com,0620878019,"988, Rue 10, Ain Chock, Casablanca, Maroc",2006-04-11,True,M,IT Professional,2025-02-07 16:24:17
559,Fadoua,Alaoui,fadoua.alaoui34@hotmail.com,0787794573,"256, Rue 7, Ben M'Sick, Casablanca, Maroc",1955-03-01,True,F,Architect,2025-02-07 16:24:17
560,Imane,Chaoui,imane.chaoui@gmail.com,0614814422,"193, Rue 32, Gauthier, Casablanca, Maroc",2005-05-14,True,F,Architect,2025-02-07 16:24:17
561,Maryam,Ziani,maryam.ziani@yahoo.fr,0664504552,"746, Rue 24, Sidi Bernoussi, Casablanca, Maroc",2007-01-06,True,F,Architect,2025-02-07 16:24:17
562,Amal,El Hamidi,amal.elhamidi@gmail.com,0799354759,"200, Rue 58, Iberia, Tangier, Maroc",1959-01-02,True,F,Dentist,2025-02-07 16:24:17
563,Meryem,Belmokhtar,meryem.belmokhtar@gmail.com,0687091692,"18, Rue 7, Saiss, Fes, Maroc",1969-12-02,True,F,Civil Servant,2025-02-07 16:24:17
564,Jamila,Hajjami,jamila.hajjami@yahoo.fr,0612934407,"948, Rue 65, Route Immouzer, Fes, Maroc",1970-05-04,True,F,Architect,2025-02-07 16:24:17
565,Sanaa,El Moutawakkil,sanaa.elmoutawakkil@yahoo.fr,0782813203,"825, Rue 23, Massira, Marrakech, Maroc",2001-05-15,True,F,IT Professional,2025-02-07 16:24:17
566,Abderrahim,Benjelloun,abderrahim.benjelloun@hotmail.com,0788739912,"537, Rue 91, Gauthier, Casablanca, Maroc",1997-05-14,True,M,Engineer,2025-02-07 16:24:17
567,Rania,El Khalfi,rania.elkhalfi@gmail.com,0611387883,"553, Rue 16, Malabata, Tangier, Maroc",1993-12-08,True,F,Pharmacist,2025-02-07 16:24:17
568,Ghita,El Khalfi,ghita.elkhalfi@gmail.com,0621252379,"689, Rue 31, Hay Hassani, Casablanca, Maroc",1977-11-04,True,F,IT Professional,2025-02-07 16:24:17
569,Abdelaziz,El Hassani,abdelaziz.elhassani@outlook.com,0770267729,"708, Rue 7, Bourgogne, Casablanca, Maroc",1986-07-27,True,M,Architect,2025-02-07 16:24:17
570,Jamila,El Mansouri,jamila.elmansouri248@yahoo.fr,0635495014,"910, Rue 39, Akkari, Rabat, Maroc",1957-01-01,True,F,Teacher,2025-02-07 16:24:17
571,Rim,Sebti,rim.sebti@yahoo.fr,0789872568,"471, Rue 47, Marchane, Tangier, Maroc",2001-11-14,True,F,Doctor,2025-02-07 16:24:17
572,Zakaria,Berrada,zakaria.berrada@gmail.com,0662279410,"482, Rue 66, Saiss, Fes, Maroc",1996-05-03,True,M,Civil Servant,2025-02-07 16:24:17
573,Walid,Idrissi,walid.idrissi@hotmail.com,0753618234,"478, Rue 27, Medina, Marrakech, Maroc",1957-03-19,True,M,Lawyer,2025-02-07 16:24:17
574,Imane,Chafik,imane.chafik@outlook.com,0763528692,"990, Rue 9, Ain Chock, Casablanca, Maroc",1984-02-15,True,F,Bank Officer,2025-02-07 16:24:17
575,Brahim,Ramdani,brahim.ramdani@hotmail.com,0781008173,"160, Rue 82, Hay Riad, Rabat, Maroc",1973-10-19,True,M,Lawyer,2025-02-07 16:24:17
576,Nadia,Skalli,nadia.skalli@yahoo.fr,0651577508,"962, Rue 15, Massira, Marrakech, Maroc",1963-11-11,True,F,Engineer,2025-02-07 16:24:17
577,Karima,Amrani,karima.amrani@yahoo.fr,0791252095,"447, Rue 12, Sidi Ghanem, Marrakech, Maroc",1972-10-27,True,F,Business Owner,2025-02-07 16:24:17
578,Samira,El Ouazzani,samira.elouazzani@yahoo.fr,0683507643,"253, Rue 15, Sidi Bernoussi, Casablanca, Maroc",1966-09-25,True,F,Consultant,2025-02-07 16:24:17
579,Zakaria,Bensouda,zakaria.bensouda@gmail.com,0719159383,"31, Rue 36, Iberia, Tangier, Maroc",1972-08-14,True,M,Engineer,2025-02-07 16:24:17
580,Tarik,Bennis,tarik.bennis@outlook.com,0731334109,"184, Rue 78, Amerchich, Marrakech, Maroc",1993-07-20,True,M,Bank Officer,2025-02-07 16:24:17
581,Jamal,Bennani,jamal.bennani@yahoo.fr,0640505233,"358, Rue 49, Anfa, Casablanca, Maroc",1973-07-29,True,M,Accountant,2025-02-07 16:24:17
582,Fouad,Chaoui,fouad.chaoui@gmail.com,0781934535,"297, Rue 34, Ain Kadous, Fes, Maroc",1982-10-25,True,M,Bank Officer,2025-02-07 16:24:17
583,Sara,Benchekroun,sara.benchekroun@outlook.com,0631100013,"112, Rue 86, Ain Kadous, Fes, Maroc",2000-12-19,True,F,IT Professional,2025-02-07 16:24:17
584,Bouchra,Bennani,bouchra.bennani@gmail.com,0741768760,"19, Rue 49, Hassan, Rabat, Maroc",1989-12-15,True,F,Engineer,2025-02-07 16:24:17
585,Ali,El Hajji,ali.elhajji@hotmail.com,0765988516,"415, Rue 79, Les Orangers, Rabat, Maroc",1969-04-02,True,M,Civil Servant,2025-02-07 16:24:17
586,Ahmed,El Yousfi,ahmed.elyousfi@outlook.com,0760150088,"700, Rue 14, Route Immouzer, Fes, Maroc",1988-09-25,True,M,Business Owner,2025-02-07 16:24:17
587,Abdelhak,Sebti,abdelhak.sebti@yahoo.fr,0793692599,"574, Rue 67, Youssoufia, Rabat, Maroc",2004-10-13,True,M,Sales Manager,2025-02-07 16:24:17
588,Racha,Ouazzani,racha.ouazzani@yahoo.fr,0638579215,"671, Rue 28, Medina, Marrakech, Maroc",1989-11-16,True,F,Civil Servant,2025-02-07 16:24:17
589,Naima,Bennani,naima.bennani@yahoo.fr,0762410548,"936, Rue 21, Val Fleuri, Tangier, Maroc",1975-08-31,True,F,Business Owner,2025-02-07 16:24:17
590,Rachid,Bennani,rachid.bennani@outlook.com,0618748068,"386, Rue 43, Agdal, Rabat, Maroc",1983-09-03,True,M,Engineer,2025-02-07 16:24:17
591,Kawtar,Tazi,kawtar.tazi@hotmail.com,0765416232,"731, Rue 50, Bourgogne, Casablanca, Maroc",1979-08-19,True,F,Lawyer,2025-02-07 16:24:17
592,Amine,El Baroudi,amine.elbaroudi@gmail.com,0611082225,"584, Rue 95, Ben M'Sick, Casablanca, Maroc",1959-04-21,True,M,Bank Officer,2025-02-07 16:24:17
593,Ali,Bensouda,ali.bensouda@hotmail.com,0762900936,"35, Rue 44, Boukhalef, Tangier, Maroc",1984-05-09,True,M,IT Professional,2025-02-07 16:24:17
594,Younes,Bensouda,younes.bensouda@gmail.com,0636138998,"83, Rue 15, Iberia, Tangier, Maroc",2001-05-06,True,M,Bank Officer,2025-02-07 16:24:17
595,Maryam,Belmokhtar,maryam.belmokhtar@hotmail.com,0646211099,"606, Rue 7, Iberia, Tangier, Maroc",1957-06-08,True,F,Architect,2025-02-07 16:24:17
596,Badr,Ziani,badr.ziani@gmail.com,0736717815,"127, Rue 29, Bourgogne, Casablanca, Maroc",1965-07-10,True,M,Architect,2025-02-07 16:24:17
597,Ibrahim,El Khalfi,ibrahim.elkhalfi@gmail.com,0735621472,"919, Rue 27, Medina, Marrakech, Maroc",1957-06-02,True,M,Engineer,2025-02-07 16:24:17
598,Jamal,Amrani,jamal.amrani@gmail.com,0631047302,"774, Rue 48, Val Fleuri, Tangier, Maroc",1977-12-25,True,M,Architect,2025-02-07 16:24:17
599,Sara,Belghiti,sara.belghiti582@outlook.com,0784170108,"554, Rue 55, Aviation, Rabat, Maroc",1970-03-27,True,F,Dentist,2025-02-07 16:24:17
600,Hassan,El Hajji,hassan.elhajji@outlook.com,0675699506,"130, Rue 94, Ain Sebaa, Casablanca, Maroc",1982-07-29,True,M,Dentist,2025-02-07 16:24:17
